Order_ID,Order_Date,Product,Category,Sales,Profit,Quantity,Discount,Customer_ID
1,07-07-2023,Smartphone,Electronics,507.21,95.95,7,0,CUST4788
2,02-01-2023,Tennis Racket,Sports,458.04,25.91,3,0.27,CUST3766
3,05-04-2023,Headphones,Electronics,47.23,10.63,5,0.49,CUST6241
4,10-12-2023,Jacket,Clothing,403.05,90.77,1,0.12,CUST3301
5,02-10-2023,T-Shirt,Clothing,980.52,271.53,1,0.13,CUST9841
6,05-05-2023,Bread,Groceries,357.66,49.52,8,0.09,CUST7154
7,30-10-2023,Curtains,Home Decor,385.84,44.57,9,0.29,CUST2820
8,29-04-2023,Tennis Racket,Sports,831.07,221.27,10,0.2,CUST3493
9,29-08-2023,Laptop,Electronics,754.97,83.22,6,0.23,CUST3129
10,28-08-2023,Smartwatch,Electronics,367.88,28.53,1,0.24,CUST5012
11,30-08-2023,Smartphone,Electronics,212.71,38.09,1,0.5,CUST2843
12,19-01-2023,Smartphone,Electronics,447.02,77.73,4,0.05,CUST8969
13,15-01-2023,Carpet,Home Decor,979.57,222.89,4,0.38,CUST6446
14,02-05-2023,Milk,Groceries,947.96,115.36,4,0.14,CUST1344
15,03-02-2023,Tablet,Electronics,199.34,44.89,4,0.09,CUST4749
16,03-06-2023,Rice,Groceries,281.83,17.5,6,0.35,CUST3509
17,29-10-2023,Lamp,Home Decor,537.2,117.52,10,0.49,CUST4432
18,24-12-2023,Sneakers,Clothing,386.71,80.94,5,0.07,CUST7394
19,19-04-2023,Lamp,Home Decor,77.08,17.03,4,0.33,CUST9558
20,13-05-2023,Smartwatch,Electronics,251.79,59.99,1,0.26,CUST5026
21,01-01-2023,Headphones,Electronics,431.4,57.66,10,0.34,CUST4361
22,08-12-2023,Yoga Mat,Sports,130.03,14.62,7,0.15,CUST6425
23,20-03-2023,Headphones,Electronics,154.22,34.31,4,0.03,CUST4913
24,25-09-2023,Headphones,Electronics,652.18,155.25,8,0.16,CUST6379
25,13-01-2023,Carpet,Home Decor,659.32,168.64,3,0.38,CUST3553
26,12-03-2023,Treadmill,Sports,589.22,74.68,6,0.24,CUST6197
27,25-03-2023,Tennis Racket,Sports,670.26,187.19,1,0.2,CUST9461
28,22-04-2023,Cushion,Home Decor,983.56,253.01,1,0.34,CUST6981
29,13-07-2023,Dumbbells,Sports,374.56,38.43,6,0.1,CUST9439
30,05-01-2023,T-Shirt,Clothing,451.61,51.27,6,0.45,CUST6571
31,15-09-2023,Vegetables,Groceries,575.75,46.04,9,0,CUST2789
32,10-01-2023,Football,Sports,109.96,25.01,10,0.09,CUST4806
33,20-01-2023,Laptop,Electronics,385.72,83.51,5,0.02,CUST4471
34,10-01-2023,Lamp,Home Decor,718.45,117.96,6,0.27,CUST2446
35,09-08-2023,Lamp,Home Decor,43.99,5.49,8,0.35,CUST7392
36,14-01-2023,Curtains,Home Decor,250.72,73.2,10,0.42,CUST7141
37,21-03-2023,Cushion,Home Decor,671.91,178.16,2,0.49,CUST6941
38,17-04-2023,Jacket,Clothing,543.13,120.31,9,0.03,CUST3134
39,21-12-2023,Bread,Groceries,793.1,191.89,7,0.42,CUST3970
40,27-12-2023,Tennis Racket,Sports,630.9,126.8,4,0.32,CUST3331
41,23-09-2023,Dress,Clothing,963.59,273.26,10,0.1,CUST3718
42,02-07-2023,Sneakers,Clothing,626.68,33.27,1,0.47,CUST1351
43,20-04-2023,Vegetables,Groceries,962.29,74.28,6,0.42,CUST3112
44,23-06-2023,Vegetables,Groceries,352.5,23.64,2,0.44,CUST1437
45,23-10-2023,Laptop,Electronics,869.89,127.29,7,0.49,CUST8722
46,29-08-2023,Tennis Racket,Sports,723.04,112.06,10,0.25,CUST6738
47,22-01-2023,Football,Sports,362.48,86.16,1,0.38,CUST2663
48,13-09-2023,Football,Sports,161.22,39.81,6,0.38,CUST2536
49,29-05-2023,T-Shirt,Clothing,303.73,21.77,1,0.18,CUST6795
50,09-03-2023,Curtains,Home Decor,775.28,209.53,8,0.06,CUST6447
51,10-03-2023,Tablet,Electronics,642.28,171.27,1,0.08,CUST3704
52,10-10-2023,Curtains,Home Decor,964.6,246.45,6,0.01,CUST3380
53,19-06-2023,T-Shirt,Clothing,519.88,117.84,2,0.32,CUST8701
54,25-11-2023,Vegetables,Groceries,300.01,46.99,2,0.29,CUST9262
55,14-04-2023,T-Shirt,Clothing,730.11,41.6,1,0.41,CUST1327
56,07-07-2023,Curtains,Home Decor,15.89,1.21,9,0.07,CUST2260
57,14-05-2023,Sneakers,Clothing,795.6,63.06,2,0.15,CUST4573
58,22-10-2023,Yoga Mat,Sports,816.17,195.38,10,0.34,CUST6102
59,26-08-2023,Vegetables,Groceries,928.9,249.89,5,0.07,CUST6347
60,06-09-2023,Curtains,Home Decor,140.41,25.31,2,0.11,CUST1616
61,26-09-2023,Bread,Groceries,876.81,213.57,10,0.3,CUST8688
62,11-07-2023,Sneakers,Clothing,891.93,240.4,8,0.18,CUST3390
63,28-12-2023,Smartwatch,Electronics,562.55,46.67,1,0.15,CUST6731
64,06-03-2023,Tablet,Electronics,905.06,214.14,7,0.36,CUST8293
65,25-07-2023,Sneakers,Clothing,780.79,159.85,7,0.35,CUST1421
66,02-06-2023,T-Shirt,Clothing,832.25,219.15,9,0.45,CUST5179
67,19-10-2023,Dumbbells,Sports,132.91,16.19,4,0.38,CUST6471
68,16-11-2023,Bread,Groceries,599.13,87.45,5,0.08,CUST8741
69,04-09-2023,Dumbbells,Sports,828.97,131.57,4,0.18,CUST8124
70,01-05-2023,Carpet,Home Decor,276.78,49.12,6,0.47,CUST9048
71,10-10-2023,Rice,Groceries,257.39,26.5,9,0.14,CUST4545
72,25-09-2023,Tennis Racket,Sports,674.51,56.67,5,0.1,CUST3922
73,31-07-2023,Lamp,Home Decor,231.21,37.5,8,0.44,CUST9709
74,15-02-2023,Jeans,Clothing,699.3,54.43,10,0.37,CUST4591
75,28-10-2023,Sneakers,Clothing,321.62,92.51,1,0.23,CUST6904
76,28-06-2023,Treadmill,Sports,716.36,170.67,2,0.13,CUST7059
77,16-12-2023,Curtains,Home Decor,706.78,64.89,4,0.45,CUST6355
78,06-02-2023,Yoga Mat,Sports,667.34,39.85,10,0.39,CUST2111
79,18-11-2023,Milk,Groceries,253.5,35.27,10,0.3,CUST4470
80,02-11-2023,Smartphone,Electronics,177.85,46.17,7,0.23,CUST9315
81,12-12-2023,Yoga Mat,Sports,215.28,58.36,1,0.26,CUST7312
82,16-11-2023,Eggs,Groceries,896.79,217.27,3,0.29,CUST2409
83,30-09-2023,Laptop,Electronics,153.53,27.76,10,0.39,CUST5999
84,28-02-2023,Headphones,Electronics,584.72,55.58,2,0.32,CUST3794
85,08-05-2023,Headphones,Electronics,644.32,143.89,7,0.12,CUST8728
86,03-10-2023,Laptop,Electronics,535.41,71.66,9,0.33,CUST8006
87,14-09-2023,Rice,Groceries,358.25,40.12,7,0.31,CUST7019
88,30-11-2023,Tablet,Electronics,990.98,142.21,4,0.18,CUST5811
89,05-03-2023,Curtains,Home Decor,232.96,32.12,9,0.13,CUST2743
90,04-08-2023,Rice,Groceries,283.32,33.88,2,0.43,CUST8155
91,19-10-2023,Wall Art,Home Decor,658.16,155.89,5,0.07,CUST2256
92,24-01-2023,Football,Sports,538.11,45.49,10,0.2,CUST4429
93,30-09-2023,Jeans,Clothing,492.59,75.62,7,0.48,CUST2237
94,26-01-2023,Bread,Groceries,454.2,43.06,7,0.2,CUST7902
95,01-01-2024,Vegetables,Groceries,775.09,46.91,3,0.48,CUST3323
96,21-03-2023,Dress,Clothing,65.3,17.23,4,0.36,CUST6009
97,05-12-2023,Smartphone,Electronics,801.83,111.24,9,0.27,CUST1148
98,12-03-2023,Lamp,Home Decor,935.03,276.76,8,0.33,CUST6270
99,13-02-2023,Sneakers,Clothing,962.35,126.93,6,0.34,CUST4821
100,26-05-2023,Tennis Racket,Sports,962.04,100.5,3,0.42,CUST2121
101,01-03-2023,Carpet,Home Decor,979.02,223.4,9,0.05,CUST3433
102,08-09-2023,Bread,Groceries,430.49,76.14,1,0.28,CUST1136
103,08-09-2023,Rice,Groceries,103.71,19.71,4,0.48,CUST9164
104,13-04-2023,Tennis Racket,Sports,315.9,68.28,10,0.46,CUST9454
105,01-06-2023,Laptop,Electronics,614.9,73.13,2,0.36,CUST4821
106,20-03-2023,Treadmill,Sports,39.33,4.43,1,0.14,CUST9394
107,18-01-2023,Football,Sports,289.31,58.4,10,0.26,CUST5909
108,13-01-2023,Curtains,Home Decor,617.12,34,10,0.25,CUST8616
109,17-06-2023,Vegetables,Groceries,36.38,4.6,9,0.17,CUST3113
110,14-12-2023,Football,Sports,10.26,2.04,2,0.25,CUST8474
111,04-05-2023,Dumbbells,Sports,892.97,172.18,4,0.29,CUST4665
112,17-05-2023,Jeans,Clothing,952.55,85.44,2,0.05,CUST1689
113,07-11-2023,Milk,Groceries,78.38,13.29,1,0.26,CUST1159
114,14-12-2023,Wall Art,Home Decor,961.12,51.54,3,0.2,CUST3868
115,04-07-2023,Smartphone,Electronics,554.65,135.88,8,0.42,CUST3785
116,31-03-2023,T-Shirt,Clothing,201.35,30.55,9,0.25,CUST8615
117,12-09-2023,Football,Sports,806.67,51.54,8,0.03,CUST8833
118,02-11-2023,Eggs,Groceries,978.96,136.69,4,0.31,CUST3702
119,21-09-2023,Rice,Groceries,133.61,23.63,6,0.04,CUST1050
120,22-07-2023,Lamp,Home Decor,574.69,64.04,6,0.22,CUST2258
121,07-04-2023,Dress,Clothing,845.88,173.94,2,0.13,CUST2166
122,08-07-2023,Dress,Clothing,889.13,104.58,4,0.18,CUST3329
123,15-08-2023,Tennis Racket,Sports,345.73,93.64,3,0.4,CUST9983
124,30-11-2023,Yoga Mat,Sports,793.34,151.71,2,0.12,CUST8922
125,01-12-2023,Treadmill,Sports,390.11,58.25,3,0.14,CUST7706
126,22-04-2023,Eggs,Groceries,179.1,32.91,5,0.29,CUST1022
127,02-05-2023,Bread,Groceries,684.46,70.27,2,0.43,CUST2047
128,14-04-2023,T-Shirt,Clothing,824.07,122.71,2,0.2,CUST7098
129,04-11-2023,Bread,Groceries,152.6,15.53,10,0.17,CUST9591
130,15-03-2023,Bread,Groceries,510.02,86.61,5,0.33,CUST3758
131,19-06-2023,Milk,Groceries,119.67,30.33,4,0.09,CUST7282
132,29-09-2023,Treadmill,Sports,565.07,137.11,3,0.19,CUST7324
133,21-09-2023,Smartwatch,Electronics,417.29,38.55,10,0.21,CUST8974
134,18-12-2023,Curtains,Home Decor,537.8,125.57,10,0.04,CUST6930
135,15-01-2023,Laptop,Electronics,580.06,40.88,4,0.06,CUST5973
136,23-08-2023,Football,Sports,383.01,74.29,9,0.27,CUST8644
137,24-05-2023,Smartphone,Electronics,433.94,67.73,7,0.28,CUST6290
138,05-12-2023,Curtains,Home Decor,636.76,91.5,3,0.11,CUST6397
139,24-05-2023,Dumbbells,Sports,648.53,67.94,6,0.03,CUST2802
140,24-03-2023,Carpet,Home Decor,625.84,140,7,0.4,CUST1742
141,24-08-2023,Sneakers,Clothing,231.04,23.64,10,0.07,CUST6186
142,20-04-2023,Cushion,Home Decor,187.74,49.74,2,0.15,CUST4583
143,24-12-2023,T-Shirt,Clothing,814.48,122.95,5,0.01,CUST3922
144,15-02-2023,Eggs,Groceries,676.47,119.02,9,0.26,CUST4012
145,08-12-2023,Dress,Clothing,246.04,71.6,5,0.5,CUST4223
146,19-12-2023,Vegetables,Groceries,869.67,127.84,9,0.11,CUST4022
147,20-08-2023,Football,Sports,295.15,82.56,7,0.02,CUST4185
148,26-06-2023,Tablet,Electronics,404.16,116.09,1,0.17,CUST2708
149,10-04-2023,Eggs,Groceries,513.44,69.9,9,0.44,CUST1356
150,14-06-2023,Smartphone,Electronics,426.17,118.21,3,0.31,CUST5684
151,02-10-2023,Lamp,Home Decor,101.67,10.89,9,0.39,CUST5030
152,13-05-2023,Milk,Groceries,773.01,170.4,6,0.44,CUST2794
153,10-08-2023,Dumbbells,Sports,507.78,113.93,1,0.27,CUST3429
154,15-08-2023,Dumbbells,Sports,526.73,118.6,7,0.41,CUST6785
155,25-04-2023,Football,Sports,129.18,22.74,2,0.04,CUST6593
156,06-09-2023,Vegetables,Groceries,991.74,136.51,3,0.17,CUST9737
157,25-06-2023,Tablet,Electronics,224.61,58.36,3,0.06,CUST8505
158,27-10-2023,Football,Sports,233.79,32.66,6,0.16,CUST2443
159,29-05-2023,Dress,Clothing,562.18,56.66,6,0.42,CUST1794
160,08-02-2023,Dress,Clothing,234.79,28.29,1,0.2,CUST6516
161,02-11-2023,Vegetables,Groceries,466.37,82.09,3,0.49,CUST1781
162,29-05-2023,Dress,Clothing,192.93,48.61,10,0.39,CUST6271
163,03-06-2023,Headphones,Electronics,551.8,94.21,10,0.31,CUST7747
164,06-12-2023,T-Shirt,Clothing,422.19,117.38,5,0.27,CUST7363
165,21-01-2023,Cushion,Home Decor,833.21,96.78,9,0.21,CUST8943
166,04-07-2023,Yoga Mat,Sports,832.85,244.99,8,0.38,CUST3514
167,27-05-2023,Tennis Racket,Sports,386.94,80.08,6,0.4,CUST2253
168,24-08-2023,Sneakers,Clothing,174.49,26.1,6,0.38,CUST7810
169,01-01-2023,T-Shirt,Clothing,224.43,41.65,5,0.01,CUST5733
170,01-09-2023,Jeans,Clothing,248.59,33.68,10,0.45,CUST3151
171,03-11-2023,Yoga Mat,Sports,422.38,87.07,9,0.38,CUST2526
172,28-04-2023,Curtains,Home Decor,54.13,4.75,2,0.44,CUST7611
173,24-08-2023,Headphones,Electronics,480.56,73.73,1,0.32,CUST2840
174,17-10-2023,Yoga Mat,Sports,328.86,67.28,4,0.43,CUST7369
175,07-07-2023,Smartphone,Electronics,644.64,186.22,10,0.37,CUST7410
176,11-01-2023,Wall Art,Home Decor,774.57,149.25,3,0.45,CUST1322
177,21-02-2023,Rice,Groceries,817.71,70.1,9,0.49,CUST2816
178,16-07-2023,Milk,Groceries,646.69,166.9,6,0.19,CUST5932
179,18-01-2023,Jeans,Clothing,123.79,19.31,8,0.05,CUST1229
180,06-07-2023,Bread,Groceries,299.03,86.51,8,0.41,CUST6544
181,28-05-2023,Lamp,Home Decor,328.29,24.34,3,0.27,CUST5340
182,24-03-2023,Headphones,Electronics,991.05,253.78,10,0.31,CUST5918
183,22-07-2023,Cushion,Home Decor,412.09,100.67,8,0.48,CUST5717
184,23-07-2023,Headphones,Electronics,326.85,17.12,2,0.34,CUST4508
185,11-10-2023,Tennis Racket,Sports,784.69,97.8,9,0.07,CUST2572
186,04-04-2023,Headphones,Electronics,794.85,108.19,4,0.44,CUST2780
187,03-06-2023,Dress,Clothing,666.95,196.17,1,0.5,CUST1086
188,10-10-2023,Yoga Mat,Sports,790.67,195.05,3,0.38,CUST6524
189,06-10-2023,Smartwatch,Electronics,375.73,24.65,7,0.39,CUST1242
190,24-09-2023,Cushion,Home Decor,674.54,88.47,7,0.01,CUST1903
191,01-09-2023,Tablet,Electronics,659.76,97.45,3,0.07,CUST8221
192,29-03-2023,Yoga Mat,Sports,11.77,1.72,3,0.1,CUST7484
193,04-03-2023,Curtains,Home Decor,679.25,141.66,6,0.13,CUST9501
194,27-02-2023,Cushion,Home Decor,627.15,73.42,8,0.04,CUST5195
195,18-12-2023,Eggs,Groceries,828.44,161.25,5,0.3,CUST3712
196,14-09-2023,Football,Sports,156.16,46.72,5,0.1,CUST8606
197,17-11-2023,Smartwatch,Electronics,592.09,103.45,2,0.46,CUST1909
198,03-09-2023,Dress,Clothing,754.72,166.38,7,0.04,CUST1690
199,12-10-2023,Jeans,Clothing,147.78,17.81,9,0.36,CUST1615
200,26-01-2023,Lamp,Home Decor,490.92,96.26,1,0.34,CUST6696
201,05-10-2023,Football,Sports,649.45,65.05,2,0.4,CUST9721
202,01-05-2023,Vegetables,Groceries,889.54,96.23,10,0.44,CUST9516
203,15-07-2023,Tablet,Electronics,14.75,1.78,5,0.14,CUST3321
204,31-03-2023,T-Shirt,Clothing,449.03,88.74,4,0.09,CUST6615
205,05-08-2023,Bread,Groceries,982.8,162.66,9,0.03,CUST4640
206,31-01-2023,Cushion,Home Decor,634.11,95.56,9,0.33,CUST1609
207,08-04-2023,Sneakers,Clothing,695.73,154.34,7,0.37,CUST9841
208,10-12-2023,T-Shirt,Clothing,632.18,111.77,1,0.35,CUST7250
209,27-12-2023,Laptop,Electronics,982.98,213.48,5,0.24,CUST5527
210,14-09-2023,Lamp,Home Decor,743.61,95.91,2,0.32,CUST9210
211,21-12-2023,Dress,Clothing,311.5,55.74,8,0.23,CUST7952
212,11-04-2023,Yoga Mat,Sports,714.54,63.18,3,0.26,CUST8730
213,18-05-2023,Smartphone,Electronics,231.63,20.8,3,0.32,CUST5281
214,02-12-2023,Headphones,Electronics,556.17,159.57,2,0.39,CUST2340
215,08-09-2023,Jacket,Clothing,548.39,54.99,2,0.18,CUST4134
216,31-07-2023,Yoga Mat,Sports,552.22,164.87,2,0.33,CUST8688
217,10-06-2023,Headphones,Electronics,50.38,5.63,2,0.19,CUST1160
218,07-07-2023,Jacket,Clothing,730.63,38.17,1,0.17,CUST8963
219,12-04-2023,Sneakers,Clothing,451.38,39.44,1,0.12,CUST9905
220,07-02-2023,Lamp,Home Decor,666.42,114.5,9,0.14,CUST3641
221,25-03-2023,T-Shirt,Clothing,242.06,30.58,2,0.42,CUST2760
222,20-10-2023,Lamp,Home Decor,701.75,71.01,2,0.31,CUST8667
223,05-10-2023,Tablet,Electronics,939.03,84.46,7,0.08,CUST7583
224,06-10-2023,Tablet,Electronics,270.42,18.76,10,0.27,CUST8909
225,09-06-2023,Smartphone,Electronics,694.99,173.6,2,0.26,CUST8424
226,02-10-2023,Eggs,Groceries,777.91,159.65,2,0.21,CUST9127
227,29-06-2023,Tennis Racket,Sports,611.36,131.3,1,0.47,CUST2308
228,22-10-2023,Milk,Groceries,711.98,183.48,5,0.5,CUST5007
229,18-10-2023,Cushion,Home Decor,829.33,203.67,1,0.19,CUST6417
230,29-06-2023,Vegetables,Groceries,864.31,254.67,10,0,CUST9254
231,04-08-2023,Eggs,Groceries,85.98,10.45,7,0.14,CUST9575
232,17-04-2023,T-Shirt,Clothing,618.29,137.14,6,0.19,CUST7033
233,09-01-2023,Laptop,Electronics,795.23,228.62,6,0.03,CUST5596
234,13-05-2023,Rice,Groceries,418.56,104.04,2,0.15,CUST1678
235,11-08-2023,Smartphone,Electronics,733.3,210.92,2,0.27,CUST9411
236,20-02-2023,Tablet,Electronics,556.25,122.19,1,0.33,CUST4021
237,03-01-2023,Treadmill,Sports,480.37,128.11,7,0.34,CUST7638
238,04-11-2023,Vegetables,Groceries,809.33,113.56,8,0.17,CUST1117
239,01-12-2023,Jacket,Clothing,892.46,137.76,7,0.36,CUST9541
240,23-11-2023,Yoga Mat,Sports,265.18,32.31,5,0.44,CUST8923
241,05-01-2023,Milk,Groceries,813.52,149.12,9,0.43,CUST7720
242,22-08-2023,Football,Sports,417.24,68.91,7,0.46,CUST8023
243,16-03-2023,Smartwatch,Electronics,848.79,226.74,5,0.3,CUST7618
244,29-07-2023,Smartwatch,Electronics,616.83,90.5,2,0.28,CUST3711
245,06-08-2023,Vegetables,Groceries,408.9,55.49,5,0.35,CUST4992
246,19-02-2023,Curtains,Home Decor,119.45,18.81,7,0.47,CUST7737
247,17-06-2023,Bread,Groceries,24.1,3.7,1,0.07,CUST9232
248,17-10-2023,Vegetables,Groceries,676.1,55.57,7,0.39,CUST8419
249,23-11-2023,Dress,Clothing,882.23,212.45,7,0.22,CUST9318
250,29-10-2023,Dumbbells,Sports,346.74,39.25,6,0.08,CUST6145
251,10-02-2023,Yoga Mat,Sports,86.52,12.1,5,0.14,CUST6296
252,30-05-2023,Sneakers,Clothing,499.5,56.09,7,0.23,CUST7616
253,09-01-2023,Football,Sports,666.99,170.63,2,0.26,CUST5024
254,24-12-2023,Jeans,Clothing,211.62,55.41,6,0.25,CUST9915
255,26-04-2023,Smartphone,Electronics,635.83,47.49,1,0.14,CUST1429
256,14-11-2023,Treadmill,Sports,791.49,100.75,2,0.46,CUST6630
257,08-10-2023,Curtains,Home Decor,538.59,36.27,7,0.15,CUST8099
258,18-06-2023,Sneakers,Clothing,725.38,109.23,4,0.14,CUST4577
259,02-01-2023,Football,Sports,432.59,96.23,8,0.27,CUST2986
260,23-05-2023,Smartphone,Electronics,289.41,76.78,2,0.02,CUST5914
261,25-03-2023,T-Shirt,Clothing,502.42,82.8,7,0.04,CUST1071
262,08-04-2023,Carpet,Home Decor,213.52,21.55,3,0.17,CUST1672
263,23-01-2023,Vegetables,Groceries,757.62,143.37,5,0.02,CUST5021
264,29-03-2023,Headphones,Electronics,217.72,33.19,4,0.49,CUST6258
265,16-09-2023,Yoga Mat,Sports,651.26,182.7,4,0.44,CUST9010
266,25-08-2023,Carpet,Home Decor,361.2,68.54,6,0.27,CUST3203
267,01-07-2023,Eggs,Groceries,363.01,107.81,6,0.12,CUST9311
268,04-08-2023,Cushion,Home Decor,24.22,6.01,7,0.08,CUST5075
269,05-12-2023,Rice,Groceries,135.12,27.56,1,0.48,CUST5905
270,07-05-2023,Sneakers,Clothing,389.72,98.83,2,0.03,CUST5027
271,24-04-2023,Dumbbells,Sports,803.78,201.71,10,0,CUST5576
272,09-06-2023,Milk,Groceries,903.09,116.7,4,0.12,CUST7943
273,05-09-2023,Eggs,Groceries,686.85,87.36,8,0.11,CUST3039
274,18-01-2023,Rice,Groceries,486.59,60.23,5,0.3,CUST6357
275,08-11-2023,Headphones,Electronics,262.62,72.76,10,0.17,CUST5540
276,07-07-2023,Sneakers,Clothing,341.85,29.73,6,0.19,CUST1663
277,31-01-2023,Jacket,Clothing,327.67,59.8,4,0.12,CUST6513
278,09-12-2023,Smartwatch,Electronics,158.58,38.53,3,0.48,CUST6025
279,12-12-2023,Dress,Clothing,21.21,5.44,10,0.32,CUST5029
280,10-04-2023,Wall Art,Home Decor,916.73,152.9,4,0.18,CUST4885
281,09-06-2023,Tennis Racket,Sports,713.79,198.72,7,0.06,CUST9770
282,12-03-2023,Jeans,Clothing,883.52,149.13,4,0.35,CUST4688
283,30-04-2023,Sneakers,Clothing,125.34,25.32,5,0.17,CUST1524
284,28-07-2023,Carpet,Home Decor,423.14,84.02,1,0.2,CUST5360
285,05-01-2023,Lamp,Home Decor,386.97,46.83,9,0.32,CUST5470
286,03-07-2023,Headphones,Electronics,320.41,41.02,10,0.05,CUST4349
287,12-04-2023,Bread,Groceries,842.31,206.12,4,0.18,CUST6402
288,04-09-2023,Milk,Groceries,404.72,56.5,8,0.35,CUST3351
289,18-04-2023,Bread,Groceries,477.16,89.72,10,0.36,CUST9736
290,23-08-2023,Tennis Racket,Sports,42.78,8.48,3,0.44,CUST4523
291,08-11-2023,Bread,Groceries,712.26,151.06,3,0.43,CUST9357
292,07-01-2023,Jeans,Clothing,618.5,134.31,5,0.22,CUST9576
293,24-09-2023,Sneakers,Clothing,65.5,19.42,4,0.48,CUST4164
294,11-08-2023,Jacket,Clothing,592.75,101.85,5,0.39,CUST5970
295,04-08-2023,Milk,Groceries,511.54,149.29,4,0.39,CUST9325
296,13-02-2023,Bread,Groceries,85.96,22.1,7,0.47,CUST4531
297,05-01-2023,Sneakers,Clothing,466.84,53.29,7,0.17,CUST4741
298,19-01-2023,Dumbbells,Sports,330.25,97.79,3,0.31,CUST1984
299,17-08-2023,Laptop,Electronics,233.98,18.12,3,0.15,CUST9468
300,15-08-2023,Vegetables,Groceries,356.16,56.8,10,0.49,CUST1839
301,15-06-2023,Tablet,Electronics,912.77,100.4,2,0.18,CUST7101
302,18-01-2023,Curtains,Home Decor,747.41,161.44,1,0.39,CUST3161
303,11-09-2023,Eggs,Groceries,900.36,63.19,10,0.02,CUST9923
304,31-07-2023,Rice,Groceries,727.97,155.57,5,0.23,CUST4989
305,22-05-2023,Tablet,Electronics,66.48,13.74,3,0.01,CUST5499
306,22-08-2023,Milk,Groceries,797.18,133.64,7,0.45,CUST4655
307,01-09-2023,Yoga Mat,Sports,157.08,41.38,3,0.31,CUST4559
308,31-12-2023,Eggs,Groceries,339.21,73.16,9,0.47,CUST8678
309,23-05-2023,Dress,Clothing,867.49,169.36,10,0.06,CUST1123
310,26-06-2023,Smartwatch,Electronics,241.65,69.54,4,0.43,CUST8129
311,14-06-2023,Bread,Groceries,168.37,10.62,7,0.08,CUST8651
312,23-01-2023,Wall Art,Home Decor,845.46,137.3,7,0.38,CUST7930
313,29-07-2023,Dumbbells,Sports,32.3,6.66,9,0.28,CUST2788
314,18-12-2023,T-Shirt,Clothing,85.79,8.31,8,0.18,CUST7080
315,20-07-2023,Jacket,Clothing,465.73,105.92,4,0.12,CUST9292
316,14-12-2023,Smartphone,Electronics,366.58,60.35,3,0.18,CUST1351
317,10-03-2023,Dumbbells,Sports,777.11,58.64,8,0.36,CUST3104
318,27-06-2023,Eggs,Groceries,300.32,89.22,10,0.42,CUST8189
319,05-05-2023,T-Shirt,Clothing,930.16,163.48,7,0.18,CUST6194
320,07-07-2023,Eggs,Groceries,369.93,50.85,3,0.36,CUST4084
321,11-11-2023,Yoga Mat,Sports,479.18,121.49,3,0.32,CUST5062
322,13-10-2023,Dress,Clothing,662.61,181.09,5,0.15,CUST3518
323,30-09-2023,Jacket,Clothing,737.57,188.27,1,0.09,CUST1121
324,12-06-2023,Laptop,Electronics,779.94,125.11,1,0.46,CUST9155
325,05-07-2023,Laptop,Electronics,786.82,61.5,5,0.45,CUST3895
326,29-07-2023,Tablet,Electronics,881.85,96.19,7,0.14,CUST8290
327,28-08-2023,T-Shirt,Clothing,614.43,40.66,2,0.32,CUST6405
328,08-10-2023,Wall Art,Home Decor,52.71,12.06,4,0.03,CUST9295
329,10-05-2023,Vegetables,Groceries,312.98,81.09,8,0.22,CUST2676
330,09-03-2023,Carpet,Home Decor,337.72,79.71,4,0.09,CUST7053
331,21-07-2023,Eggs,Groceries,613.79,71.28,9,0.49,CUST2516
332,06-06-2023,Sneakers,Clothing,584.11,100.38,9,0.26,CUST9542
333,22-11-2023,Vegetables,Groceries,151.72,7.79,7,0.36,CUST5683
334,27-10-2023,Curtains,Home Decor,179.17,47.32,3,0.19,CUST4439
335,20-08-2023,Jeans,Clothing,93.67,19.66,5,0.13,CUST8036
336,30-01-2023,Laptop,Electronics,55.06,13,1,0.43,CUST9010
337,14-12-2023,Wall Art,Home Decor,967.39,192.13,1,0.31,CUST4890
338,30-07-2023,Smartphone,Electronics,129.75,7.08,4,0.05,CUST4179
339,28-09-2023,Football,Sports,725.27,183.18,3,0.21,CUST1718
340,19-02-2023,Carpet,Home Decor,549.35,52.47,3,0.07,CUST6143
341,20-03-2023,Jeans,Clothing,569.74,106.51,2,0.37,CUST4099
342,13-10-2023,Jeans,Clothing,908.16,211.52,8,0.44,CUST6338
343,09-03-2023,Eggs,Groceries,935.39,259.82,1,0.45,CUST7152
344,21-10-2023,Smartwatch,Electronics,428.1,38.68,5,0.16,CUST8803
345,22-12-2023,Bread,Groceries,456.34,115.36,5,0.09,CUST8208
346,01-01-2024,Cushion,Home Decor,631.86,95.62,5,0.44,CUST9688
347,11-01-2023,Wall Art,Home Decor,55.58,12.51,8,0,CUST6633
348,06-08-2023,Carpet,Home Decor,591.03,154.19,10,0.15,CUST4086
349,01-03-2023,Tablet,Electronics,910.21,87.11,9,0.29,CUST4727
350,01-11-2023,Lamp,Home Decor,446.63,38.01,8,0.15,CUST9734
351,22-03-2023,Rice,Groceries,39.21,5.26,8,0.45,CUST6033
352,30-03-2023,Jacket,Clothing,678.99,66.77,5,0.25,CUST6348
353,15-11-2023,Milk,Groceries,986.07,143.23,9,0.44,CUST7445
354,01-01-2023,Tennis Racket,Sports,83.81,19.81,4,0.11,CUST1484
355,13-07-2023,Tennis Racket,Sports,721.63,174.02,10,0.34,CUST4267
356,22-02-2023,Sneakers,Clothing,509.6,142.37,3,0.35,CUST8708
357,29-11-2023,Dress,Clothing,474.96,28.93,2,0.1,CUST5058
358,04-11-2023,Lamp,Home Decor,185.61,48.17,3,0.21,CUST2693
359,06-08-2023,Milk,Groceries,840.76,183.38,10,0.03,CUST8923
360,20-03-2023,Yoga Mat,Sports,768.59,169.98,7,0,CUST9983
361,15-05-2023,Cushion,Home Decor,791.27,116.91,10,0.26,CUST9778
362,03-04-2023,Vegetables,Groceries,822.76,47.33,7,0.44,CUST7295
363,01-04-2023,Rice,Groceries,41.25,11.97,10,0.42,CUST5567
364,20-08-2023,Sneakers,Clothing,649.99,57.66,2,0.38,CUST2364
365,16-11-2023,Treadmill,Sports,552.37,163.88,8,0.33,CUST2920
366,18-03-2023,Jacket,Clothing,450.04,125.07,4,0.11,CUST8252
367,21-02-2023,Cushion,Home Decor,807.35,211.79,2,0.36,CUST2714
368,12-11-2023,Treadmill,Sports,630.66,90.92,7,0.18,CUST2975
369,12-12-2023,Treadmill,Sports,872.79,55.46,7,0.48,CUST1359
370,17-06-2023,Sneakers,Clothing,727,90.51,9,0.27,CUST4232
371,27-03-2023,Sneakers,Clothing,826.1,183.75,3,0.29,CUST2848
372,12-11-2023,Milk,Groceries,402.96,107.36,5,0.24,CUST1405
373,03-06-2023,Tablet,Electronics,113.11,16.62,4,0.25,CUST1152
374,14-11-2023,T-Shirt,Clothing,731.12,93.6,1,0.21,CUST3156
375,17-10-2023,Smartphone,Electronics,31.97,4.27,1,0.43,CUST2636
376,08-02-2023,Jeans,Clothing,324.67,81.76,7,0.12,CUST1627
377,28-05-2023,Jacket,Clothing,929.2,131.43,9,0.03,CUST9146
378,30-05-2023,Football,Sports,632.14,146.42,7,0.22,CUST4913
379,13-11-2023,T-Shirt,Clothing,614.7,158.37,6,0.04,CUST5779
380,01-03-2023,Jeans,Clothing,451.12,108.08,4,0.28,CUST2388
381,06-04-2023,Dress,Clothing,338.92,45.31,7,0.27,CUST3534
382,25-09-2023,Lamp,Home Decor,779.47,47.85,10,0.19,CUST6196
383,14-06-2023,Jacket,Clothing,383.38,40.16,8,0.3,CUST5823
384,09-10-2023,Headphones,Electronics,330.96,56.06,6,0.39,CUST6640
385,01-06-2023,Carpet,Home Decor,581.65,140.82,7,0.06,CUST4995
386,16-09-2023,Football,Sports,522.29,90.14,8,0.47,CUST3845
387,07-11-2023,Curtains,Home Decor,395.7,50.71,2,0.49,CUST6983
388,17-07-2023,Cushion,Home Decor,809.5,60.43,10,0.18,CUST4176
389,03-12-2023,Laptop,Electronics,52.7,9.7,3,0.28,CUST8152
390,13-10-2023,Laptop,Electronics,811.22,118.95,10,0.3,CUST3813
391,06-11-2023,Eggs,Groceries,348.93,46.68,5,0.47,CUST2784
392,23-01-2023,Milk,Groceries,554.74,139.76,3,0.15,CUST2151
393,08-07-2023,T-Shirt,Clothing,111.2,20.33,3,0.45,CUST1740
394,12-12-2023,Eggs,Groceries,774.06,195.65,9,0.35,CUST9708
395,05-11-2023,Sneakers,Clothing,684.64,56.46,2,0.09,CUST6003
396,23-01-2023,Lamp,Home Decor,689.7,166.06,4,0.39,CUST8168
397,27-12-2023,Laptop,Electronics,342.58,27.49,2,0.1,CUST3715
398,24-08-2023,Carpet,Home Decor,555.65,66.79,6,0.15,CUST4919
399,07-05-2023,Rice,Groceries,850.59,94.89,6,0.19,CUST5671
400,25-10-2023,Laptop,Electronics,15.05,3.74,2,0.17,CUST5084
401,06-10-2023,Rice,Groceries,124.48,13.92,10,0.16,CUST1867
402,17-10-2023,Eggs,Groceries,742.13,194.9,1,0.29,CUST7712
403,03-11-2023,Milk,Groceries,348.29,102.89,7,0.19,CUST8249
404,10-01-2023,Football,Sports,724.77,96.31,7,0.4,CUST6398
405,30-05-2023,Tablet,Electronics,999.42,246.29,6,0.08,CUST9400
406,02-11-2023,Treadmill,Sports,969.53,68.59,9,0.45,CUST1980
407,26-08-2023,T-Shirt,Clothing,176.78,12.85,2,0.25,CUST2725
408,15-04-2023,Dress,Clothing,807.34,214.65,5,0.03,CUST1461
409,25-08-2023,Carpet,Home Decor,635.91,184.48,2,0.15,CUST3028
410,19-12-2023,Eggs,Groceries,912.25,208.83,9,0.13,CUST6110
411,14-02-2023,Jeans,Clothing,415.43,111.18,3,0.39,CUST4089
412,23-08-2023,Laptop,Electronics,129.16,31.25,5,0.17,CUST1690
413,12-09-2023,Football,Sports,82.38,6.9,7,0.14,CUST8298
414,28-06-2023,Sneakers,Clothing,902.18,123.97,1,0.18,CUST7153
415,12-02-2023,Wall Art,Home Decor,732.74,212.67,4,0.07,CUST9235
416,13-01-2023,Rice,Groceries,788.87,97.51,2,0.15,CUST9908
417,14-01-2023,Tennis Racket,Sports,960.01,175.57,10,0.02,CUST6585
418,20-07-2023,Jacket,Clothing,949.35,226.29,5,0.07,CUST9395
419,15-12-2023,Dumbbells,Sports,861.73,125.75,10,0.35,CUST1511
420,10-05-2023,Dumbbells,Sports,548.2,55.66,4,0.07,CUST5221
421,22-08-2023,Laptop,Electronics,214.14,17.76,9,0.05,CUST6078
422,16-01-2023,Rice,Groceries,987.88,285.66,1,0.4,CUST3184
423,13-02-2023,Curtains,Home Decor,972.72,258.94,9,0.13,CUST6206
424,15-02-2023,Smartwatch,Electronics,718.43,113.28,1,0.23,CUST8990
425,12-02-2023,Curtains,Home Decor,586.49,156.56,10,0.15,CUST3665
426,28-09-2023,Treadmill,Sports,782.43,203.97,10,0.48,CUST5442
427,05-06-2023,Headphones,Electronics,933.35,106.4,2,0.36,CUST7087
428,31-12-2023,Tennis Racket,Sports,416.01,26.73,6,0.38,CUST7071
429,29-07-2023,Jeans,Clothing,341.65,57.21,1,0.3,CUST8625
430,05-06-2023,Dress,Clothing,118.83,24.57,6,0.34,CUST2060
431,17-02-2023,Cushion,Home Decor,64.41,13.65,3,0,CUST2698
432,19-03-2023,Sneakers,Clothing,672.64,193.34,4,0,CUST3667
433,26-05-2023,Rice,Groceries,717,212.36,5,0.49,CUST6733
434,20-06-2023,Headphones,Electronics,258.66,21.74,7,0.4,CUST6401
435,25-12-2023,Laptop,Electronics,688.63,99.52,1,0.29,CUST3326
436,03-09-2023,Bread,Groceries,437.08,130.5,2,0.45,CUST8298
437,18-04-2023,Cushion,Home Decor,205.74,17.75,5,0.15,CUST8424
438,12-08-2023,Tablet,Electronics,825.08,121.31,2,0.42,CUST6754
439,04-06-2023,Laptop,Electronics,748.43,125.62,6,0.09,CUST6704
440,20-09-2023,Smartwatch,Electronics,367.61,37.94,4,0.28,CUST3987
441,13-06-2023,Smartphone,Electronics,169.02,36.2,5,0.04,CUST6005
442,30-06-2023,Dress,Clothing,178.25,12.7,2,0.36,CUST6788
443,08-07-2023,Yoga Mat,Sports,18.54,3.76,10,0.24,CUST6366
444,26-07-2023,Curtains,Home Decor,607.4,131.92,6,0.46,CUST9410
445,06-11-2023,Wall Art,Home Decor,925.26,238.53,2,0.49,CUST8703
446,19-07-2023,Wall Art,Home Decor,980.27,168.42,8,0.07,CUST9665
447,02-07-2023,Bread,Groceries,261.38,45.85,7,0.08,CUST5784
448,27-05-2023,Curtains,Home Decor,448.12,102.86,10,0.33,CUST3458
449,06-03-2023,Headphones,Electronics,972.37,77.32,5,0.12,CUST5675
450,28-02-2023,Dress,Clothing,380.42,75.36,4,0.38,CUST8312
451,15-06-2023,Rice,Groceries,832.01,63.67,1,0.26,CUST8464
452,13-08-2023,Tennis Racket,Sports,440.76,105.15,7,0.08,CUST8729
453,14-01-2023,Football,Sports,351.67,32.88,4,0.18,CUST7153
454,07-01-2023,Headphones,Electronics,313.56,72.26,1,0.35,CUST8996
455,26-07-2023,Dress,Clothing,375.29,33.62,10,0.24,CUST6022
456,28-10-2023,Rice,Groceries,667.85,94.53,4,0.02,CUST1368
457,12-12-2023,Milk,Groceries,103.99,30.86,10,0.02,CUST2841
458,21-06-2023,Cushion,Home Decor,95.99,20.13,7,0.06,CUST8019
459,03-09-2023,Smartwatch,Electronics,604.71,40.34,5,0.26,CUST9739
460,07-02-2023,Rice,Groceries,82.53,10.47,4,0.46,CUST3542
461,01-01-2023,Carpet,Home Decor,746.41,187.89,8,0.49,CUST6879
462,11-11-2023,Headphones,Electronics,248.11,43.7,4,0.09,CUST9400
463,12-08-2023,Wall Art,Home Decor,888.69,172.77,8,0.15,CUST9387
464,04-01-2023,Jeans,Clothing,768.19,196.51,1,0.5,CUST8675
465,20-12-2023,Lamp,Home Decor,716,167.55,8,0.19,CUST3733
466,14-03-2023,Headphones,Electronics,393.71,89.56,2,0.21,CUST8650
467,15-10-2023,Bread,Groceries,810.02,94.72,2,0.14,CUST5179
468,24-09-2023,Smartwatch,Electronics,903.18,199.97,9,0.37,CUST3266
469,01-09-2023,Smartphone,Electronics,932.08,54.07,6,0.34,CUST4333
470,21-12-2023,Lamp,Home Decor,856.88,136.71,8,0.36,CUST7910
471,15-05-2023,Dress,Clothing,369.82,41.98,6,0.38,CUST9062
472,01-08-2023,Laptop,Electronics,50.18,11.48,8,0.29,CUST3163
473,17-04-2023,Sneakers,Clothing,585.78,174.28,6,0.1,CUST3381
474,04-02-2023,Treadmill,Sports,831.57,66.94,5,0.3,CUST8911
475,19-03-2023,Lamp,Home Decor,885.79,121.87,7,0.47,CUST3552
476,11-03-2023,Tennis Racket,Sports,383.28,104.23,9,0.09,CUST2629
477,13-02-2023,Lamp,Home Decor,18.11,1.83,4,0.24,CUST3380
478,30-08-2023,Dress,Clothing,29.55,6.59,2,0.01,CUST4613
479,17-06-2023,Tennis Racket,Sports,878.51,187.67,10,0.4,CUST2327
480,19-09-2023,Sneakers,Clothing,259.2,15.34,9,0.1,CUST4075
481,20-07-2023,Rice,Groceries,737.91,113.63,8,0.04,CUST3075
482,19-07-2023,T-Shirt,Clothing,190.34,12.37,10,0.37,CUST8325
483,22-03-2023,T-Shirt,Clothing,625.98,51.04,10,0.5,CUST9067
484,28-10-2023,Sneakers,Clothing,765.68,205.4,6,0.33,CUST2918
485,07-10-2023,Wall Art,Home Decor,946.75,195.45,3,0.28,CUST1331
486,31-03-2023,Sneakers,Clothing,62.83,4.29,4,0.32,CUST7806
487,01-05-2023,Wall Art,Home Decor,676.93,122.87,1,0.48,CUST2565
488,28-07-2023,Dumbbells,Sports,572.67,110.42,3,0.34,CUST8352
489,30-07-2023,Laptop,Electronics,903.61,265.67,6,0.41,CUST6527
490,08-06-2023,Vegetables,Groceries,601.47,70.68,4,0.01,CUST6566
491,26-07-2023,Football,Sports,650.9,100.08,5,0.28,CUST3817
492,26-06-2023,Wall Art,Home Decor,899.89,138.54,6,0.17,CUST7402
493,16-11-2023,Cushion,Home Decor,425.89,106.2,2,0.1,CUST4435
494,23-07-2023,Cushion,Home Decor,212.62,13,5,0.15,CUST7310
495,08-10-2023,Wall Art,Home Decor,207.12,51.55,10,0.27,CUST5507
496,01-01-2024,Vegetables,Groceries,204.2,33.03,1,0.14,CUST2795
497,15-11-2023,Jacket,Clothing,795.34,86,6,0.19,CUST7631
498,25-11-2023,Dumbbells,Sports,441.79,40.55,1,0.23,CUST2902
499,23-12-2023,Bread,Groceries,99.92,29,5,0.15,CUST6486
500,28-05-2023,Wall Art,Home Decor,436.47,93.48,10,0.34,CUST6345
501,26-07-2023,Rice,Groceries,117.2,30.81,1,0.24,CUST6255
502,27-08-2023,Bread,Groceries,495.51,32.78,4,0.2,CUST4554
503,04-06-2023,Eggs,Groceries,718.53,146.68,3,0.05,CUST1189
504,21-08-2023,Curtains,Home Decor,521.68,62.82,4,0.04,CUST7301
505,11-03-2023,Milk,Groceries,853.19,91.98,2,0.22,CUST1914
506,17-08-2023,Curtains,Home Decor,373.22,65.59,1,0.36,CUST7647
507,23-07-2023,Treadmill,Sports,397.64,20.42,10,0.38,CUST2028
508,06-05-2023,Cushion,Home Decor,23.17,2.18,10,0.27,CUST2846
509,16-12-2023,Yoga Mat,Sports,267.37,63.21,4,0.34,CUST4406
510,15-01-2023,Headphones,Electronics,370.69,101.32,6,0.07,CUST7268
511,02-06-2023,Bread,Groceries,322.26,67.03,10,0.41,CUST2176
512,08-02-2023,Cushion,Home Decor,844.41,203.49,3,0.21,CUST2332
513,17-12-2023,Sneakers,Clothing,769.43,148.56,2,0.39,CUST3109
514,18-06-2023,Tablet,Electronics,486,65.61,7,0.28,CUST6096
515,29-08-2023,Bread,Groceries,772.07,73.54,9,0.48,CUST1747
516,25-03-2023,Dress,Clothing,68.66,18.11,3,0.27,CUST4668
517,19-08-2023,Lamp,Home Decor,804.8,202.73,5,0.12,CUST9642
518,12-11-2023,Smartphone,Electronics,740.45,139.3,8,0.12,CUST4845
519,13-11-2023,Smartwatch,Electronics,414.37,111.33,1,0.39,CUST6974
520,06-02-2023,Vegetables,Groceries,379.03,73.66,3,0.46,CUST6003
521,17-11-2023,Smartwatch,Electronics,372.84,27.12,8,0.04,CUST5168
522,01-01-2024,Milk,Groceries,638.72,139.36,4,0.19,CUST3520
523,22-11-2023,Vegetables,Groceries,823.47,66.78,1,0.37,CUST2377
524,31-03-2023,Lamp,Home Decor,552.05,146.29,6,0.44,CUST1905
525,23-02-2023,Jacket,Clothing,640.77,161.06,3,0.41,CUST8874
526,14-01-2023,Football,Sports,652.83,143.78,7,0.29,CUST8367
527,18-10-2023,Yoga Mat,Sports,956.3,265.45,4,0.33,CUST2554
528,11-11-2023,Headphones,Electronics,144.94,41.29,10,0.23,CUST3076
529,10-04-2023,Milk,Groceries,977.46,199.92,6,0.1,CUST2271
530,24-08-2023,Smartwatch,Electronics,927.33,174.53,4,0.02,CUST5482
531,21-06-2023,Jacket,Clothing,892.59,53.58,5,0.35,CUST5646
532,13-04-2023,Rice,Groceries,878.07,76.29,2,0.48,CUST7452
533,26-12-2023,Jeans,Clothing,223.38,65.55,6,0.1,CUST3200
534,10-03-2023,Tennis Racket,Sports,500.21,121.1,7,0.33,CUST6617
535,16-02-2023,Yoga Mat,Sports,911.17,126.41,1,0.23,CUST8999
536,12-03-2023,Milk,Groceries,981.77,218.08,3,0.49,CUST1459
537,15-06-2023,T-Shirt,Clothing,827.31,162.99,1,0.25,CUST1040
538,08-08-2023,Dumbbells,Sports,466.22,68.52,7,0.42,CUST4742
539,29-04-2023,Football,Sports,504.69,36.65,5,0.35,CUST4313
540,06-07-2023,T-Shirt,Clothing,716.06,211.39,3,0.35,CUST4571
541,20-03-2023,Treadmill,Sports,432.78,39.85,4,0.11,CUST6985
542,24-07-2023,Milk,Groceries,478.05,27.9,2,0.16,CUST9743
543,14-04-2023,Yoga Mat,Sports,629.51,148.51,1,0.25,CUST8432
544,21-01-2023,Tablet,Electronics,865.84,149.76,3,0.1,CUST3962
545,09-05-2023,T-Shirt,Clothing,773.94,148.52,1,0.11,CUST3466
546,14-05-2023,Laptop,Electronics,611.26,116.39,10,0.21,CUST4074
547,23-09-2023,Carpet,Home Decor,466.92,118.53,10,0.13,CUST6788
548,04-06-2023,Smartwatch,Electronics,756.95,70.05,8,0.01,CUST9648
549,03-06-2023,Eggs,Groceries,47.22,3.34,7,0.29,CUST9695
550,13-08-2023,Bread,Groceries,414.37,47.81,9,0.08,CUST1353
551,10-05-2023,Dress,Clothing,370.44,37.8,1,0.47,CUST9699
552,12-06-2023,Jeans,Clothing,545.81,68.41,9,0.43,CUST2475
553,12-05-2023,Laptop,Electronics,91.53,23.52,6,0.24,CUST3573
554,22-08-2023,Curtains,Home Decor,792.96,52.58,5,0.14,CUST9216
555,21-07-2023,Jeans,Clothing,391,56.6,9,0.39,CUST2331
556,22-10-2023,Tablet,Electronics,634.01,43.81,8,0.2,CUST6480
557,01-09-2023,Bread,Groceries,929.05,217,9,0.45,CUST6303
558,23-07-2023,Laptop,Electronics,305.97,39.14,9,0.38,CUST1415
559,25-12-2023,Carpet,Home Decor,39.44,10.72,7,0.33,CUST3314
560,16-12-2023,Jacket,Clothing,238.49,36.98,9,0.41,CUST5473
561,14-04-2023,Vegetables,Groceries,942.34,173.16,8,0.5,CUST4693
562,15-08-2023,Curtains,Home Decor,435.52,102.9,1,0.32,CUST6476
563,09-10-2023,Bread,Groceries,979.53,165.52,4,0.46,CUST5109
564,02-07-2023,Laptop,Electronics,277.54,32.08,4,0.4,CUST7572
565,25-04-2023,Rice,Groceries,599.35,81.89,7,0.17,CUST8524
566,19-08-2023,Tennis Racket,Sports,682.08,161.12,4,0.21,CUST1311
567,06-05-2023,Yoga Mat,Sports,24.6,5.02,1,0.28,CUST9467
568,30-10-2023,Smartwatch,Electronics,697.79,96.6,6,0.14,CUST7836
569,24-05-2023,Curtains,Home Decor,163.8,44.15,9,0.1,CUST2744
570,17-07-2023,Dumbbells,Sports,255.75,42.37,3,0.42,CUST1740
571,17-01-2023,Rice,Groceries,186.33,31.4,2,0.1,CUST2858
572,05-05-2023,Curtains,Home Decor,139.19,10.3,5,0.11,CUST8701
573,22-05-2023,Yoga Mat,Sports,969.05,55.2,9,0.09,CUST5480
574,05-10-2023,Jeans,Clothing,975.35,86.83,4,0.36,CUST7315
575,25-07-2023,Smartphone,Electronics,986.53,175.74,6,0.05,CUST9945
576,02-09-2023,Vegetables,Groceries,157.49,15.16,1,0.26,CUST9468
577,19-03-2023,Dress,Clothing,702.94,131.7,5,0.33,CUST5943
578,14-11-2023,Vegetables,Groceries,611.24,156.04,9,0.4,CUST5512
579,27-12-2023,Jacket,Clothing,144.88,42.84,5,0.18,CUST4375
580,28-10-2023,Dumbbells,Sports,20.17,3.04,1,0.47,CUST2065
581,26-09-2023,Wall Art,Home Decor,720.72,164.42,4,0.48,CUST2875
582,06-12-2023,Tablet,Electronics,655.91,83.71,2,0.01,CUST7973
583,01-07-2023,Sneakers,Clothing,255.15,73.03,8,0.25,CUST2637
584,20-03-2023,Milk,Groceries,654.53,127.94,1,0.06,CUST1489
585,14-01-2023,Jacket,Clothing,806.25,123.61,1,0.29,CUST9429
586,19-05-2023,Jacket,Clothing,437.38,90.73,5,0.16,CUST6979
587,23-09-2023,T-Shirt,Clothing,700.11,197.21,6,0.4,CUST3217
588,24-04-2023,Tennis Racket,Sports,181.38,42.41,8,0.16,CUST1978
589,08-12-2023,Eggs,Groceries,713.59,141.85,7,0.13,CUST9504
590,21-11-2023,Dumbbells,Sports,841.01,70.25,6,0.2,CUST5461
591,26-07-2023,Sneakers,Clothing,225.64,44.98,8,0.36,CUST4011
592,12-03-2023,Tablet,Electronics,273.16,81.75,5,0.22,CUST3011
593,15-03-2023,Dumbbells,Sports,573.9,34.18,5,0.22,CUST3979
594,09-12-2023,Carpet,Home Decor,108.95,26.22,7,0.2,CUST6466
595,09-09-2023,Smartphone,Electronics,596.92,101.08,4,0.46,CUST1961
596,01-06-2023,Sneakers,Clothing,447.89,81.82,5,0.17,CUST8388
597,21-08-2023,Laptop,Electronics,139.93,9.2,8,0.32,CUST3892
598,15-08-2023,Laptop,Electronics,540.8,62.49,1,0.31,CUST1593
599,20-06-2023,Football,Sports,734.9,67.21,1,0.17,CUST4260
600,20-12-2023,Wall Art,Home Decor,322.57,24.25,9,0.25,CUST6512
601,13-07-2023,Football,Sports,299.38,61.09,5,0.23,CUST5577
602,02-02-2023,Bread,Groceries,68.58,10.6,6,0.33,CUST1477
603,15-04-2023,Tablet,Electronics,572.46,29.61,8,0.26,CUST4700
604,28-03-2023,Cushion,Home Decor,175.82,44.3,2,0.07,CUST5034
605,27-05-2023,T-Shirt,Clothing,483.86,115.76,9,0.2,CUST6525
606,06-03-2023,Jacket,Clothing,788.51,120.37,10,0.34,CUST4415
607,27-11-2023,Dumbbells,Sports,22.03,5.96,10,0.26,CUST8370
608,21-04-2023,Dress,Clothing,746.93,87.3,6,0.49,CUST3002
609,10-09-2023,Football,Sports,482.78,81.04,10,0.07,CUST6857
610,28-08-2023,Jacket,Clothing,930.13,153.44,6,0.27,CUST6798
611,22-04-2023,Bread,Groceries,94.04,12.02,5,0.38,CUST2355
612,10-11-2023,Sneakers,Clothing,239.43,16.99,2,0.09,CUST1544
613,29-08-2023,Yoga Mat,Sports,641.71,84.55,6,0.22,CUST6330
614,30-03-2023,Wall Art,Home Decor,316.99,76.19,5,0.33,CUST2434
615,28-07-2023,Smartphone,Electronics,292.94,78.28,6,0.23,CUST6435
616,18-01-2023,Carpet,Home Decor,477.46,46.78,2,0.09,CUST8771
617,19-05-2023,Rice,Groceries,932.63,174.09,8,0.12,CUST5622
618,02-06-2023,Eggs,Groceries,860.57,100.4,6,0.01,CUST4237
619,10-11-2023,Vegetables,Groceries,317.21,90.87,10,0.29,CUST8837
620,09-05-2023,Eggs,Groceries,851.7,186.93,2,0.18,CUST1426
621,16-07-2023,Dumbbells,Sports,506.42,139.07,7,0.12,CUST7818
622,01-09-2023,Cushion,Home Decor,308.17,73.42,2,0.07,CUST2944
623,28-04-2023,Curtains,Home Decor,165.69,20.13,9,0.08,CUST6239
624,14-03-2023,Vegetables,Groceries,166.7,13.18,9,0,CUST5713
625,13-10-2023,Bread,Groceries,897.72,107.09,1,0.22,CUST3481
626,20-05-2023,Smartwatch,Electronics,158.62,13.23,8,0.17,CUST4087
627,14-04-2023,Smartwatch,Electronics,897.38,106.85,4,0.48,CUST2839
628,18-06-2023,Eggs,Groceries,42.08,10.2,5,0.08,CUST9879
629,05-12-2023,Curtains,Home Decor,614.97,87.53,7,0.06,CUST9404
630,04-06-2023,Eggs,Groceries,288.72,31.72,1,0.45,CUST6532
631,30-08-2023,Dress,Clothing,143.55,27.39,2,0.15,CUST9845
632,28-12-2023,Smartwatch,Electronics,337.2,32.57,8,0.46,CUST2817
633,10-07-2023,Smartwatch,Electronics,228.03,63.22,2,0.18,CUST9107
634,01-09-2023,Wall Art,Home Decor,856.58,192.89,2,0.44,CUST1735
635,15-11-2023,Cushion,Home Decor,396.02,112.16,7,0.19,CUST8999
636,14-05-2023,Cushion,Home Decor,228.99,62.14,2,0.18,CUST2864
637,18-06-2023,Headphones,Electronics,742.51,204.02,3,0.46,CUST2109
638,26-07-2023,Lamp,Home Decor,586.65,50.3,6,0.2,CUST1536
639,01-08-2023,Smartphone,Electronics,27.82,1.4,4,0.16,CUST2303
640,22-03-2023,Milk,Groceries,400.1,80.97,8,0.41,CUST3291
641,27-08-2023,Laptop,Electronics,48.7,6.01,1,0.42,CUST1789
642,20-06-2023,Vegetables,Groceries,129.76,16.54,1,0.06,CUST2980
643,11-05-2023,T-Shirt,Clothing,865.82,187.44,10,0.36,CUST6972
644,30-09-2023,Tablet,Electronics,359.99,77.95,1,0.34,CUST1036
645,15-03-2023,Milk,Groceries,713.97,76.67,5,0.36,CUST6256
646,05-01-2023,T-Shirt,Clothing,859.98,59.23,1,0.28,CUST6478
647,26-06-2023,Headphones,Electronics,40.73,5.27,7,0.17,CUST6656
648,10-10-2023,Jeans,Clothing,800.65,151.48,4,0.37,CUST2050
649,28-12-2023,Sneakers,Clothing,417.79,49.32,8,0,CUST1532
650,12-01-2023,Rice,Groceries,525.45,140.77,6,0.29,CUST1986
651,16-02-2023,Carpet,Home Decor,43.7,8.13,10,0.14,CUST3845
652,27-11-2023,Tablet,Electronics,13.82,3.74,1,0.48,CUST9126
653,29-05-2023,Sneakers,Clothing,188.26,18.69,9,0.1,CUST8136
654,25-12-2023,Yoga Mat,Sports,748.26,172.88,8,0.32,CUST5530
655,02-08-2023,Smartwatch,Electronics,149.57,8.36,6,0.16,CUST4935
656,25-05-2023,Tablet,Electronics,970.84,212.67,3,0.16,CUST9722
657,02-09-2023,Tennis Racket,Sports,806.64,72.85,2,0.22,CUST9575
658,31-08-2023,Headphones,Electronics,267.84,21.23,8,0.2,CUST2746
659,12-09-2023,Curtains,Home Decor,307.85,83.96,2,0,CUST8523
660,28-11-2023,Wall Art,Home Decor,523.68,106.91,5,0.02,CUST2962
661,26-06-2023,Vegetables,Groceries,122.34,21.14,6,0.43,CUST1572
662,12-06-2023,Treadmill,Sports,455.73,119.01,9,0.28,CUST4098
663,27-07-2023,Headphones,Electronics,713.16,55.98,5,0.02,CUST3896
664,28-09-2023,Smartphone,Electronics,41.38,2.2,3,0.31,CUST4514
665,20-02-2023,Rice,Groceries,230.17,45.78,1,0.17,CUST6101
666,11-02-2023,Lamp,Home Decor,671.25,145.44,4,0.08,CUST8728
667,18-09-2023,Treadmill,Sports,99.31,6.03,8,0.42,CUST1141
668,14-09-2023,Smartphone,Electronics,909.61,261.41,1,0.42,CUST8673
669,01-01-2024,Smartphone,Electronics,642.83,49.69,9,0.28,CUST3519
670,24-02-2023,Sneakers,Clothing,815.81,233.27,2,0.03,CUST3317
671,14-07-2023,Jacket,Clothing,136.85,12.61,4,0.21,CUST5720
672,14-08-2023,T-Shirt,Clothing,839.18,79.92,8,0.04,CUST5950
673,22-12-2023,Sneakers,Clothing,619.18,178,1,0.05,CUST7600
674,25-12-2023,Eggs,Groceries,626.78,44.03,7,0.06,CUST6598
675,26-12-2023,Bread,Groceries,805.85,105.61,6,0.5,CUST1998
676,25-10-2023,Carpet,Home Decor,489.18,56.73,4,0.31,CUST7271
677,30-09-2023,Tablet,Electronics,486.59,87.01,3,0.15,CUST6017
678,09-08-2023,Bread,Groceries,869.97,175.74,1,0.48,CUST7834
679,07-07-2023,Bread,Groceries,890.63,151.58,3,0.24,CUST2339
680,10-05-2023,Carpet,Home Decor,794,217.62,2,0.07,CUST1161
681,20-06-2023,Milk,Groceries,475.86,38.33,7,0.12,CUST1924
682,08-12-2023,Dumbbells,Sports,868.55,149.16,3,0.21,CUST7990
683,19-01-2023,Jeans,Clothing,199.62,27.39,2,0.16,CUST4220
684,05-06-2023,Cushion,Home Decor,608.94,96.65,3,0.02,CUST2610
685,31-12-2023,Yoga Mat,Sports,949.16,164.47,9,0.34,CUST4356
686,01-01-2023,Wall Art,Home Decor,842.61,140.42,8,0.05,CUST2776
687,11-06-2023,Dumbbells,Sports,557.85,62.96,9,0.21,CUST7388
688,23-04-2023,Rice,Groceries,303.12,16.05,8,0.17,CUST6931
689,17-07-2023,Cushion,Home Decor,480.6,114.46,1,0.46,CUST6389
690,06-07-2023,Football,Sports,161.95,26.7,4,0.44,CUST1597
691,09-03-2023,Treadmill,Sports,111.93,29.67,1,0.05,CUST9798
692,11-05-2023,Curtains,Home Decor,495,92.16,10,0.01,CUST3523
693,19-08-2023,Tablet,Electronics,454.97,39.67,1,0.37,CUST4728
694,29-06-2023,Treadmill,Sports,954.21,97.62,5,0.28,CUST9617
695,19-02-2023,Headphones,Electronics,806.68,65.51,9,0.13,CUST3335
696,04-04-2023,Milk,Groceries,850.88,179.78,8,0.05,CUST5005
697,22-02-2023,Sneakers,Clothing,67.99,12.67,2,0.16,CUST4943
698,18-11-2023,Sneakers,Clothing,45.44,10.72,10,0.11,CUST8265
699,01-05-2023,Tablet,Electronics,364.92,25.16,6,0.2,CUST6420
700,08-01-2023,Football,Sports,915.31,202.56,1,0.14,CUST8457
701,03-05-2023,Tennis Racket,Sports,905.23,63.11,1,0.11,CUST9565
702,26-11-2023,Carpet,Home Decor,737.44,173.42,3,0.2,CUST6178
703,16-05-2023,T-Shirt,Clothing,122.46,7.12,6,0.09,CUST7046
704,16-05-2023,Tennis Racket,Sports,749.28,106.5,7,0.4,CUST6393
705,26-08-2023,Tablet,Electronics,495.71,123.93,5,0.39,CUST8148
706,26-02-2023,Sneakers,Clothing,223.17,59.2,10,0.22,CUST2251
707,11-08-2023,Wall Art,Home Decor,817.31,238.76,1,0.17,CUST4055
708,29-05-2023,Jacket,Clothing,714.29,145.13,2,0.16,CUST7004
709,31-03-2023,Rice,Groceries,968.18,81.22,7,0.3,CUST2557
710,09-11-2023,Wall Art,Home Decor,413.9,110.91,4,0.18,CUST9684
711,07-06-2023,Bread,Groceries,575.28,36.5,2,0.25,CUST3458
712,04-11-2023,Rice,Groceries,96.21,12.53,10,0.09,CUST5267
713,02-09-2023,Tennis Racket,Sports,658.78,166.26,8,0.27,CUST2239
714,26-11-2023,Yoga Mat,Sports,583.46,109.23,1,0.22,CUST8635
715,01-07-2023,Smartwatch,Electronics,471.89,130.18,4,0.02,CUST2338
716,20-07-2023,T-Shirt,Clothing,633.17,112.92,7,0.17,CUST3021
717,19-10-2023,Carpet,Home Decor,155.38,41.95,4,0.26,CUST8405
718,02-09-2023,Rice,Groceries,19.41,5.66,2,0.03,CUST3241
719,26-01-2023,Jacket,Clothing,555.89,144.1,5,0.15,CUST1456
720,26-09-2023,Tennis Racket,Sports,895.07,221.02,8,0.13,CUST8322
721,31-12-2023,Wall Art,Home Decor,419.04,22.1,1,0.18,CUST7851
722,02-02-2023,Milk,Groceries,897.17,220.87,7,0.4,CUST1018
723,25-10-2023,Football,Sports,935.44,68.57,1,0.4,CUST1734
724,08-10-2023,Smartwatch,Electronics,744.38,173.07,6,0.25,CUST4233
725,06-06-2023,Tennis Racket,Sports,528.94,57.2,7,0.11,CUST9676
726,17-05-2023,Smartwatch,Electronics,880.92,256.19,5,0.43,CUST1577
727,11-10-2023,Bread,Groceries,775.31,201.18,3,0.45,CUST3025
728,19-07-2023,Tablet,Electronics,81.94,22.38,10,0.28,CUST5081
729,04-04-2023,Bread,Groceries,969.04,202.96,1,0.09,CUST1553
730,25-07-2023,Milk,Groceries,865.77,171.89,10,0.4,CUST7501
731,12-03-2023,Headphones,Electronics,933.53,270.65,9,0.1,CUST1336
732,09-11-2023,Yoga Mat,Sports,189.15,47.37,6,0.14,CUST6372
733,18-03-2023,T-Shirt,Clothing,441.28,24.67,10,0.47,CUST5455
734,27-05-2023,Wall Art,Home Decor,186.9,42.78,7,0.35,CUST7958
735,20-08-2023,Vegetables,Groceries,502.83,91.49,4,0.37,CUST4355
736,30-11-2023,Cushion,Home Decor,24.65,4.45,4,0.33,CUST9602
737,27-08-2023,Smartwatch,Electronics,398.58,28.89,5,0.11,CUST8825
738,29-04-2023,Yoga Mat,Sports,622.01,145.58,10,0.39,CUST6155
739,19-05-2023,Yoga Mat,Sports,218.24,62,9,0.48,CUST5652
740,01-03-2023,Dumbbells,Sports,925.63,91.49,7,0.36,CUST3327
741,27-05-2023,Wall Art,Home Decor,922.03,218.84,4,0.32,CUST9613
742,05-04-2023,Football,Sports,465.95,97.4,1,0.43,CUST2081
743,18-04-2023,Laptop,Electronics,23.61,4.05,4,0.11,CUST5010
744,03-12-2023,Sneakers,Clothing,764.02,190.04,2,0.11,CUST6192
745,07-07-2023,Eggs,Groceries,980.49,135.66,10,0.33,CUST1350
746,19-09-2023,Curtains,Home Decor,79.71,20.49,6,0.34,CUST5478
747,31-08-2023,Laptop,Electronics,911.67,130.22,6,0.15,CUST4688
748,31-10-2023,Laptop,Electronics,622.14,180.81,3,0.28,CUST4994
749,01-11-2023,Lamp,Home Decor,932.65,59.75,7,0.46,CUST1241
750,10-01-2023,Eggs,Groceries,347.3,73.91,5,0.17,CUST4846
751,09-03-2023,Dumbbells,Sports,24.61,6.14,1,0.31,CUST1435
752,26-12-2023,Treadmill,Sports,785.73,173.67,3,0.06,CUST6256
753,14-09-2023,Cushion,Home Decor,488.11,46.58,2,0.25,CUST6417
754,02-08-2023,Football,Sports,534.75,27.73,5,0.37,CUST6397
755,16-03-2023,Football,Sports,717.91,115.81,6,0.24,CUST4798
756,15-10-2023,Jacket,Clothing,802.96,80.75,9,0.31,CUST2912
757,05-11-2023,Bread,Groceries,187.55,23.3,3,0.4,CUST6057
758,07-07-2023,Cushion,Home Decor,197.81,19.89,9,0.17,CUST4477
759,04-04-2023,Headphones,Electronics,384.32,31.5,8,0.07,CUST1734
760,30-11-2023,Milk,Groceries,744.94,106.73,3,0.08,CUST4714
761,30-12-2023,Treadmill,Sports,135.45,29.12,3,0.16,CUST8311
762,22-10-2023,Rice,Groceries,565.02,70.59,7,0.14,CUST9372
763,26-11-2023,Eggs,Groceries,763.09,100.68,9,0.17,CUST4305
764,18-10-2023,Cushion,Home Decor,280.32,25.55,6,0.39,CUST7777
765,01-06-2023,Headphones,Electronics,784.71,196.86,8,0.38,CUST7149
766,28-07-2023,Football,Sports,348.11,35.05,9,0.33,CUST5093
767,26-04-2023,Eggs,Groceries,998.15,206.44,3,0.06,CUST2748
768,19-01-2023,Jacket,Clothing,809.34,159.61,3,0.41,CUST1922
769,28-03-2023,Vegetables,Groceries,214.04,29.51,4,0.1,CUST8884
770,01-01-2024,Football,Sports,958.43,258.79,4,0.3,CUST3236
771,03-07-2023,Headphones,Electronics,235.74,62.92,7,0.41,CUST3029
772,10-09-2023,Dress,Clothing,16.06,3.1,8,0.38,CUST6410
773,21-11-2023,Dress,Clothing,12.11,2.77,2,0.14,CUST1174
774,27-08-2023,Wall Art,Home Decor,563.7,162.97,10,0.24,CUST7739
775,24-07-2023,Smartphone,Electronics,817.72,165.09,2,0.25,CUST5173
776,10-12-2023,Tennis Racket,Sports,417.23,48.07,6,0.22,CUST9669
777,22-05-2023,Lamp,Home Decor,216.77,47.89,4,0.13,CUST4954
778,30-12-2023,Rice,Groceries,831.16,93.34,4,0.24,CUST8194
779,26-01-2023,Lamp,Home Decor,258.19,19.59,4,0.27,CUST5492
780,23-09-2023,Smartphone,Electronics,965.69,207.09,3,0.26,CUST5822
781,26-05-2023,Curtains,Home Decor,203.84,25.92,8,0.03,CUST5053
782,10-06-2023,Jeans,Clothing,245.18,27.89,2,0.1,CUST2002
783,23-08-2023,Eggs,Groceries,52.76,11.73,10,0.04,CUST7334
784,17-10-2023,Vegetables,Groceries,829.04,69.37,8,0.38,CUST7505
785,26-04-2023,Smartphone,Electronics,208.36,40.36,2,0.17,CUST6406
786,13-04-2023,Bread,Groceries,319.17,88.89,10,0,CUST1983
787,28-07-2023,Laptop,Electronics,537.17,147.16,5,0.46,CUST1352
788,29-09-2023,Tennis Racket,Sports,739.94,193.15,8,0.41,CUST8761
789,11-03-2023,Wall Art,Home Decor,331.81,99.33,9,0.36,CUST5425
790,30-06-2023,Tennis Racket,Sports,106.43,9.45,9,0.42,CUST9343
791,17-03-2023,Curtains,Home Decor,369.35,23.43,10,0.13,CUST6792
792,09-07-2023,Carpet,Home Decor,925.49,207.75,4,0.2,CUST5709
793,11-08-2023,Smartwatch,Electronics,793.34,85.13,3,0.2,CUST8455
794,09-06-2023,Cushion,Home Decor,439.01,112.6,1,0.13,CUST6796
795,19-01-2023,Headphones,Electronics,462.69,110.87,6,0.02,CUST6510
796,15-04-2023,T-Shirt,Clothing,720.93,49.91,4,0.21,CUST9481
797,07-11-2023,T-Shirt,Clothing,447.79,23.84,9,0.39,CUST3044
798,30-09-2023,Bread,Groceries,192,14.3,4,0.24,CUST4707
799,14-08-2023,Wall Art,Home Decor,715.59,154.02,4,0.32,CUST6076
800,15-08-2023,Tennis Racket,Sports,611.86,44.9,1,0.49,CUST4125
801,07-05-2023,Dress,Clothing,533.62,81.77,5,0.4,CUST7522
802,02-03-2023,Lamp,Home Decor,998.76,265.06,5,0.36,CUST5097
803,25-11-2023,Rice,Groceries,390.05,20.09,10,0.02,CUST7845
804,29-11-2023,Yoga Mat,Sports,108.28,24.94,9,0.45,CUST2182
805,14-05-2023,Vegetables,Groceries,332.3,40.35,8,0.29,CUST2052
806,30-08-2023,Jeans,Clothing,390.54,90.65,9,0,CUST8830
807,19-11-2023,Lamp,Home Decor,660.76,144.61,6,0.48,CUST5293
808,13-09-2023,Tablet,Electronics,894.08,226.97,7,0.34,CUST9692
809,25-10-2023,Dumbbells,Sports,436.27,43.37,10,0.38,CUST8623
810,04-03-2023,Treadmill,Sports,183.43,23.67,2,0.24,CUST9388
811,30-04-2023,Tablet,Electronics,653.36,111.65,9,0.04,CUST2225
812,18-03-2023,Cushion,Home Decor,949.92,256.15,9,0.42,CUST2702
813,13-11-2023,Milk,Groceries,385.77,93.36,2,0.36,CUST8627
814,27-11-2023,Milk,Groceries,199.35,57.78,2,0.01,CUST6160
815,09-09-2023,Lamp,Home Decor,940.45,235.01,5,0.29,CUST2040
816,30-07-2023,Dress,Clothing,200.44,25.36,1,0.22,CUST5760
817,04-08-2023,Smartwatch,Electronics,556.82,34.16,10,0.42,CUST8497
818,05-04-2023,Tennis Racket,Sports,62.43,5.34,1,0.09,CUST7746
819,04-09-2023,Tennis Racket,Sports,385.29,110.5,3,0.44,CUST1367
820,09-01-2023,Sneakers,Clothing,503.95,105.23,3,0.41,CUST1564
821,21-08-2023,Rice,Groceries,167.47,40.57,2,0.24,CUST5550
822,05-04-2023,Wall Art,Home Decor,111.21,17.31,6,0.12,CUST5945
823,08-07-2023,Jacket,Clothing,644.54,154.27,4,0.13,CUST9715
824,05-02-2023,Dumbbells,Sports,221.59,65.58,8,0.28,CUST6493
825,23-12-2023,Smartphone,Electronics,713.68,201.97,5,0.32,CUST5040
826,31-07-2023,Jeans,Clothing,397.19,97.75,8,0.19,CUST2946
827,30-08-2023,Eggs,Groceries,945.78,54.89,7,0.1,CUST6586
828,16-09-2023,Vegetables,Groceries,671.89,181.4,3,0.28,CUST9675
829,10-06-2023,Laptop,Electronics,777.19,111.89,6,0.43,CUST5585
830,16-01-2023,Yoga Mat,Sports,851.83,64.03,7,0.38,CUST7230
831,20-07-2023,Tennis Racket,Sports,442.95,88.7,7,0.35,CUST8268
832,27-10-2023,Tennis Racket,Sports,223.05,31.57,9,0.32,CUST2977
833,12-12-2023,Headphones,Electronics,156.14,17.5,9,0.39,CUST7028
834,04-10-2023,Football,Sports,967.53,56.54,8,0.48,CUST1595
835,28-08-2023,Smartphone,Electronics,290.65,65.68,1,0.46,CUST5660
836,26-05-2023,Dumbbells,Sports,936.74,112.13,3,0.12,CUST4236
837,29-01-2023,Dumbbells,Sports,923.96,224.39,2,0.21,CUST9960
838,08-06-2023,Smartphone,Electronics,212.08,32.63,10,0.11,CUST2250
839,21-02-2023,Sneakers,Clothing,705.88,182.02,7,0.06,CUST5189
840,26-10-2023,Carpet,Home Decor,453.11,27.11,6,0.03,CUST3266
841,06-06-2023,Tennis Racket,Sports,161.12,27.51,6,0.13,CUST4273
842,08-11-2023,Rice,Groceries,509.16,27.8,4,0.15,CUST1102
843,28-01-2023,Carpet,Home Decor,564.5,81.12,9,0.49,CUST5329
844,13-06-2023,Dumbbells,Sports,878.75,68.46,9,0.47,CUST2619
845,31-01-2023,Yoga Mat,Sports,25.58,5.95,2,0.45,CUST6559
846,09-03-2023,Tablet,Electronics,248.66,29.61,9,0.04,CUST6945
847,17-07-2023,Treadmill,Sports,654.27,107.62,6,0.09,CUST2729
848,19-04-2023,Carpet,Home Decor,830.32,73.37,4,0.15,CUST7879
849,16-01-2023,Jeans,Clothing,104.88,16.14,9,0.17,CUST9015
850,30-01-2023,Lamp,Home Decor,456.07,86.5,1,0.49,CUST8050
851,09-02-2023,Sneakers,Clothing,551.02,89.02,3,0.15,CUST2826
852,01-11-2023,Curtains,Home Decor,211.96,61.27,8,0.17,CUST7423
853,01-10-2023,Smartphone,Electronics,320.6,69.04,3,0.41,CUST6947
854,14-02-2023,Treadmill,Sports,280.78,80,4,0.01,CUST1392
855,04-03-2023,Smartphone,Electronics,413.16,120.5,4,0.21,CUST9456
856,28-11-2023,Headphones,Electronics,87.08,17.16,5,0.33,CUST8084
857,15-09-2023,Tennis Racket,Sports,84.14,12.45,9,0.21,CUST3381
858,13-08-2023,Treadmill,Sports,934.31,141.54,6,0.07,CUST6300
859,19-12-2023,Lamp,Home Decor,668.48,175.22,8,0.26,CUST4137
860,18-03-2023,Eggs,Groceries,759.06,96.34,8,0.41,CUST9974
861,21-09-2023,Tennis Racket,Sports,998.82,175.52,5,0.35,CUST1410
862,28-02-2023,Bread,Groceries,622.16,152.81,9,0.47,CUST8196
863,01-07-2023,Milk,Groceries,32.47,9.07,1,0.3,CUST6801
864,19-06-2023,Lamp,Home Decor,303.81,72.22,1,0.21,CUST2766
865,19-05-2023,Rice,Groceries,407.85,47.54,3,0.34,CUST1277
866,30-12-2023,Dress,Clothing,227.25,37.36,2,0.48,CUST1312
867,27-08-2023,Headphones,Electronics,628.95,76.94,2,0.04,CUST5871
868,09-09-2023,Wall Art,Home Decor,392.35,28.78,1,0.15,CUST5784
869,05-07-2023,Carpet,Home Decor,143,34.14,9,0.35,CUST6247
870,25-08-2023,Laptop,Electronics,964.63,130.32,5,0.18,CUST8158
871,13-01-2023,Treadmill,Sports,818.64,55.07,8,0.2,CUST2540
872,19-03-2023,Treadmill,Sports,491.63,79.9,3,0.38,CUST5168
873,18-03-2023,Cushion,Home Decor,85.65,17.8,1,0.36,CUST3562
874,05-03-2023,Milk,Groceries,867.55,95.53,5,0.31,CUST9278
875,05-06-2023,Sneakers,Clothing,131.04,34.3,3,0.42,CUST2902
876,04-03-2023,Cushion,Home Decor,261.22,59.97,5,0.03,CUST9235
877,19-08-2023,Laptop,Electronics,682.15,94.26,8,0.19,CUST1717
878,09-05-2023,Rice,Groceries,856.99,84.81,1,0.14,CUST6527
879,01-04-2023,Wall Art,Home Decor,128.43,20.37,5,0.48,CUST5950
880,24-02-2023,Dumbbells,Sports,355.63,53.42,7,0.35,CUST9074
881,11-06-2023,Sneakers,Clothing,682.06,76.88,6,0.12,CUST6922
882,09-11-2023,Jacket,Clothing,989.07,85.91,4,0,CUST9524
883,03-03-2023,Smartphone,Electronics,683.77,91.15,1,0.38,CUST2421
884,25-11-2023,Wall Art,Home Decor,984.82,246.28,8,0.43,CUST7444
885,11-06-2023,Vegetables,Groceries,653.13,171.9,7,0.07,CUST7005
886,08-12-2023,Jeans,Clothing,296.53,64.78,10,0.24,CUST6942
887,27-05-2023,T-Shirt,Clothing,391.73,96.04,9,0.14,CUST4304
888,30-10-2023,Rice,Groceries,507.49,116.54,9,0.47,CUST7344
889,18-07-2023,Cushion,Home Decor,760.35,72.4,4,0.45,CUST3354
890,01-02-2023,Milk,Groceries,363.15,27.61,4,0.25,CUST8110
891,15-05-2023,Yoga Mat,Sports,307.74,56.8,3,0.07,CUST3180
892,19-04-2023,Tennis Racket,Sports,999.08,60.13,7,0.01,CUST6171
893,22-12-2023,Milk,Groceries,309.38,26.55,4,0.06,CUST6717
894,03-03-2023,Headphones,Electronics,50.03,12.9,4,0.4,CUST1002
895,12-04-2023,Milk,Groceries,392.1,21.55,2,0.47,CUST9947
896,24-08-2023,Yoga Mat,Sports,333.66,46.84,8,0.4,CUST2862
897,02-12-2023,Sneakers,Clothing,780.56,174.5,9,0.35,CUST4236
898,27-02-2023,Curtains,Home Decor,847.67,245.75,4,0.32,CUST8979
899,16-08-2023,Smartwatch,Electronics,520.15,146.84,7,0.48,CUST2428
900,29-09-2023,Smartphone,Electronics,926.74,69.74,10,0.47,CUST8139
901,25-08-2023,Cushion,Home Decor,777.16,104.29,10,0.49,CUST4458
902,30-07-2023,Jeans,Clothing,334.91,70.76,5,0.36,CUST5146
903,22-12-2023,Vegetables,Groceries,172.44,19.67,7,0.02,CUST6873
904,25-07-2023,Carpet,Home Decor,916.02,136.77,4,0.28,CUST9674
905,23-02-2023,Dumbbells,Sports,995.08,141.69,5,0.2,CUST9049
906,15-08-2023,Milk,Groceries,123.68,12.45,9,0.17,CUST4370
907,26-04-2023,Yoga Mat,Sports,100.92,9.68,2,0.04,CUST7666
908,18-05-2023,Vegetables,Groceries,68.65,20.39,9,0.4,CUST8693
909,07-11-2023,Dress,Clothing,432.8,28.14,4,0.16,CUST2251
910,08-03-2023,Wall Art,Home Decor,674.58,144.15,9,0.49,CUST5750
911,04-09-2023,Eggs,Groceries,770.95,173.11,1,0.28,CUST6316
912,19-06-2023,Football,Sports,946.84,275.87,7,0.25,CUST5978
913,12-03-2023,Cushion,Home Decor,779.41,98.62,6,0.04,CUST5598
914,22-03-2023,Dumbbells,Sports,897.98,83.08,10,0.18,CUST1135
915,19-01-2023,Eggs,Groceries,182.01,43.21,5,0.1,CUST2241
916,08-10-2023,Treadmill,Sports,423.28,21.66,6,0.13,CUST7129
917,07-12-2023,Lamp,Home Decor,508.47,33.32,10,0.03,CUST6644
918,22-09-2023,Dress,Clothing,458.18,67.42,5,0.27,CUST2521
919,15-12-2023,Rice,Groceries,60.02,5.7,6,0.29,CUST4168
920,15-01-2023,Headphones,Electronics,318.41,69.63,3,0.35,CUST6651
921,30-11-2023,Sneakers,Clothing,548.88,67.65,9,0.27,CUST1704
922,21-02-2023,Football,Sports,456.51,34.14,10,0.15,CUST3299
923,15-10-2023,Smartphone,Electronics,785.49,175.96,9,0.34,CUST4951
924,19-01-2023,Eggs,Groceries,893.59,199.48,3,0.14,CUST9484
925,20-03-2023,Football,Sports,674.78,170.13,9,0.21,CUST2270
926,06-01-2023,Bread,Groceries,882.79,165.41,1,0.18,CUST4894
927,07-03-2023,Rice,Groceries,353.82,91.35,4,0.22,CUST4325
928,11-09-2023,Football,Sports,780.04,78.16,1,0.04,CUST2503
929,17-10-2023,Cushion,Home Decor,911.95,63.05,5,0.02,CUST3488
930,13-12-2023,Sneakers,Clothing,873.65,249.45,10,0.29,CUST6785
931,08-12-2023,Tennis Racket,Sports,146.68,29.24,7,0.34,CUST7704
932,04-12-2023,T-Shirt,Clothing,916.68,171.71,4,0.3,CUST9590
933,27-06-2023,Vegetables,Groceries,476.77,73.2,10,0.04,CUST6550
934,12-11-2023,Jacket,Clothing,62.31,12.22,3,0.22,CUST9895
935,21-11-2023,Carpet,Home Decor,971.37,287.43,2,0.17,CUST5417
936,04-09-2023,Football,Sports,162.32,42.2,3,0.04,CUST3766
937,07-08-2023,Headphones,Electronics,991.98,87.25,1,0.46,CUST4479
938,26-05-2023,Treadmill,Sports,274.39,32.01,9,0.1,CUST9963
939,28-11-2023,Dumbbells,Sports,662.09,189.5,6,0.04,CUST8592
940,20-10-2023,Wall Art,Home Decor,981.8,85.36,3,0.21,CUST6652
941,22-05-2023,Dumbbells,Sports,989.49,178.48,6,0.15,CUST4281
942,05-07-2023,Yoga Mat,Sports,780.02,42.91,9,0.31,CUST8027
943,25-03-2023,Dumbbells,Sports,178.7,10.13,1,0.34,CUST4347
944,13-04-2023,Smartphone,Electronics,704.85,198.1,7,0.22,CUST7716
945,04-08-2023,Tablet,Electronics,40.64,8.29,3,0.38,CUST4691
946,22-09-2023,T-Shirt,Clothing,839.08,214.77,8,0.16,CUST3322
947,28-08-2023,Jacket,Clothing,810.14,209.81,4,0.04,CUST4474
948,03-09-2023,Jacket,Clothing,501.28,56.67,2,0.01,CUST6203
949,05-01-2023,Carpet,Home Decor,426.42,44.07,10,0.16,CUST8109
950,09-03-2023,Dress,Clothing,678.84,68.58,1,0.02,CUST2227
951,09-01-2023,Smartwatch,Electronics,103.33,24.95,8,0.45,CUST1411
952,17-03-2023,Wall Art,Home Decor,636.09,78.09,4,0.06,CUST9351
953,12-04-2023,Tablet,Electronics,458.22,125.27,9,0.19,CUST6281
954,02-03-2023,Milk,Groceries,85.61,24.68,2,0.02,CUST5272
955,11-05-2023,Tennis Racket,Sports,866.88,251.35,9,0.11,CUST5534
956,11-02-2023,Yoga Mat,Sports,354.12,89.39,7,0.08,CUST8387
957,19-07-2023,Cushion,Home Decor,131.32,38.49,1,0.43,CUST4108
958,21-03-2023,Wall Art,Home Decor,550.48,110.81,3,0.31,CUST4888
959,28-08-2023,Jacket,Clothing,328.99,76.97,3,0.4,CUST2179
960,27-07-2023,Yoga Mat,Sports,713.87,87.79,4,0.14,CUST8315
961,29-07-2023,Tablet,Electronics,139.69,41.18,4,0.07,CUST3112
962,31-01-2023,Bread,Groceries,207.56,12.49,6,0.32,CUST6410
963,21-09-2023,Smartwatch,Electronics,415.13,53.31,2,0.01,CUST3024
964,10-05-2023,Treadmill,Sports,190.2,17.59,4,0.42,CUST9001
965,18-03-2023,Wall Art,Home Decor,602.98,67.89,7,0.08,CUST3404
966,19-03-2023,Smartwatch,Electronics,991.4,65.71,8,0.01,CUST8608
967,22-07-2023,T-Shirt,Clothing,180.02,42.66,5,0.2,CUST8253
968,13-10-2023,Jacket,Clothing,237.68,27.3,9,0.18,CUST8704
969,10-01-2023,Wall Art,Home Decor,287.53,19.66,3,0.15,CUST9340
970,29-05-2023,Eggs,Groceries,965.51,176.71,6,0.44,CUST7667
971,02-09-2023,T-Shirt,Clothing,496.6,95.51,10,0.36,CUST3344
972,06-04-2023,Curtains,Home Decor,841.81,149.73,6,0.29,CUST3674
973,06-11-2023,Tennis Racket,Sports,801.1,185.55,7,0.31,CUST6098
974,30-10-2023,Smartwatch,Electronics,519.61,50.6,9,0.42,CUST6442
975,28-04-2023,Tennis Racket,Sports,407.59,103.95,6,0.03,CUST6241
976,25-09-2023,Rice,Groceries,744.8,64.68,6,0.29,CUST4214
977,30-04-2023,Smartphone,Electronics,642.81,52.02,2,0.3,CUST9020
978,26-01-2023,Tablet,Electronics,180.91,22.83,7,0.31,CUST8438
979,10-05-2023,Rice,Groceries,496.16,109.43,5,0.34,CUST1663
980,18-01-2023,Bread,Groceries,60.44,12.95,5,0,CUST2088
981,25-01-2023,Dumbbells,Sports,419.08,50.93,8,0.47,CUST1100
982,15-04-2023,Smartphone,Electronics,569.43,115.32,1,0.22,CUST5504
983,19-06-2023,Smartwatch,Electronics,640.22,94.46,7,0.39,CUST5727
984,28-04-2023,Cushion,Home Decor,955.4,86.89,10,0.29,CUST5579
985,08-02-2023,Lamp,Home Decor,540.12,159.62,7,0.2,CUST5043
986,19-01-2023,Jacket,Clothing,801.96,129.03,1,0.36,CUST3004
987,08-12-2023,Vegetables,Groceries,402.66,90.86,8,0.4,CUST7336
988,11-09-2023,Curtains,Home Decor,282.03,82.07,5,0.44,CUST6363
989,01-06-2023,Carpet,Home Decor,318.94,34.63,1,0.48,CUST3686
990,16-03-2023,Cushion,Home Decor,886.23,102.95,3,0.34,CUST4347
991,04-01-2023,Dumbbells,Sports,843.7,76.24,10,0.03,CUST7028
992,29-06-2023,Headphones,Electronics,654.74,95.38,3,0.01,CUST2529
993,09-05-2023,Eggs,Groceries,338.22,63.7,9,0.47,CUST6030
994,18-08-2023,Laptop,Electronics,496.79,49.91,2,0.24,CUST7860
995,09-01-2023,Rice,Groceries,691.55,155.93,1,0.34,CUST8431
996,13-12-2023,Rice,Groceries,170.31,15.17,2,0.03,CUST3593
997,28-10-2023,Rice,Groceries,671.28,44.39,7,0.15,CUST8491
998,09-02-2023,Dress,Clothing,325.68,82.08,4,0.45,CUST1261
999,13-05-2023,Carpet,Home Decor,939.38,114.77,9,0.34,CUST3922
1000,25-04-2023,Smartphone,Electronics,234.08,69.18,9,0.4,CUST3357
1001,16-04-2023,Rice,Groceries,290.52,30.25,5,0.24,CUST6792
1002,31-08-2023,Smartphone,Electronics,339.46,37.08,6,0.28,CUST6914
1003,27-09-2023,Dumbbells,Sports,209.44,11.18,1,0.06,CUST5230
1004,19-02-2023,T-Shirt,Clothing,567.53,46.94,4,0.47,CUST2966
1005,04-04-2023,T-Shirt,Clothing,429.66,33,3,0.45,CUST1623
1006,01-02-2023,Jeans,Clothing,809.1,231.89,2,0.45,CUST8146
1007,08-06-2023,T-Shirt,Clothing,705.63,47.43,1,0.16,CUST7344
1008,04-04-2023,Eggs,Groceries,137.31,35.59,10,0.19,CUST4834
1009,11-06-2023,Eggs,Groceries,371.38,47.18,6,0.44,CUST3293
1010,12-07-2023,Curtains,Home Decor,821.18,81.76,7,0.42,CUST3896
1011,01-06-2023,Wall Art,Home Decor,563.63,80.37,4,0.18,CUST4080
1012,22-02-2023,T-Shirt,Clothing,399.84,87.01,3,0.06,CUST1150
1013,28-11-2023,Tennis Racket,Sports,316.53,35.53,7,0.42,CUST1969
1014,07-09-2023,Football,Sports,28.76,5.25,3,0.28,CUST1636
1015,08-11-2023,Smartphone,Electronics,398.81,65.91,4,0.27,CUST6375
1016,19-02-2023,Lamp,Home Decor,209.09,21.66,8,0.35,CUST3567
1017,05-01-2023,Treadmill,Sports,314.22,20.18,10,0.18,CUST1253
1018,05-07-2023,Football,Sports,182.86,25.79,2,0.16,CUST1431
1019,31-05-2023,Milk,Groceries,49.78,7.85,8,0.45,CUST5854
1020,21-12-2023,Jacket,Clothing,248.62,42.36,6,0.05,CUST5598
1021,24-10-2023,Lamp,Home Decor,642.35,46.7,8,0.41,CUST3464
1022,08-12-2023,Smartwatch,Electronics,16.22,1.89,2,0.12,CUST4073
1023,12-03-2023,Yoga Mat,Sports,899.79,158.52,5,0.02,CUST6821
1024,26-11-2023,Dress,Clothing,395.32,106.67,6,0.07,CUST4093
1025,25-09-2023,Tennis Racket,Sports,499.68,69.84,7,0.03,CUST7818
1026,11-11-2023,Smartwatch,Electronics,415.69,122.14,4,0.3,CUST1346
1027,04-09-2023,Tablet,Electronics,60.22,9.78,5,0.15,CUST2647
1028,08-03-2023,Sneakers,Clothing,247.8,50.48,7,0.37,CUST9378
1029,10-06-2023,Tablet,Electronics,95.96,22.3,1,0.08,CUST3612
1030,18-07-2023,Dumbbells,Sports,256.02,44.52,10,0.46,CUST7683
1031,07-12-2023,Dumbbells,Sports,152.89,44.39,10,0.36,CUST4001
1032,25-05-2023,Smartwatch,Electronics,225.26,55.29,7,0.29,CUST7922
1033,29-05-2023,Dumbbells,Sports,839.44,194.25,6,0.3,CUST3247
1034,20-02-2023,Smartwatch,Electronics,857.3,161.28,7,0.26,CUST6267
1035,17-05-2023,Headphones,Electronics,330.74,22.07,8,0.17,CUST5482
1036,29-03-2023,Yoga Mat,Sports,401.85,26.67,4,0.26,CUST3429
1037,18-07-2023,Bread,Groceries,188.05,40.2,2,0.24,CUST4944
1038,31-01-2023,Football,Sports,582.28,56.66,4,0.2,CUST5014
1039,11-09-2023,Football,Sports,901.51,187.21,1,0.03,CUST6814
1040,02-02-2023,Tablet,Electronics,316.66,69.62,7,0.18,CUST2100
1041,07-07-2023,Dress,Clothing,823.09,241.3,4,0.03,CUST3690
1042,06-03-2023,Rice,Groceries,765.85,135.33,3,0.4,CUST9833
1043,16-06-2023,Football,Sports,196.83,15.31,9,0.21,CUST7754
1044,14-10-2023,Tablet,Electronics,412.45,63.85,2,0.14,CUST8571
1045,17-01-2023,Football,Sports,552.52,36.67,1,0.43,CUST8026
1046,16-01-2023,Smartwatch,Electronics,655.4,106.59,2,0.4,CUST6844
1047,22-01-2023,Wall Art,Home Decor,370.77,85.44,5,0.04,CUST4609
1048,15-06-2023,Curtains,Home Decor,231.84,63.64,6,0.02,CUST6283
1049,11-05-2023,Jeans,Clothing,988.3,64.31,3,0.09,CUST5269
1050,22-11-2023,Smartphone,Electronics,322.61,29.69,1,0.14,CUST5670
1051,24-03-2023,Jeans,Clothing,203.2,57.51,4,0.31,CUST2309
1052,04-07-2023,Tablet,Electronics,800.52,100.27,7,0.34,CUST8157
1053,26-01-2023,Cushion,Home Decor,175.22,20.14,5,0.18,CUST7690
1054,29-05-2023,Headphones,Electronics,299.43,29.88,4,0.11,CUST7979
1055,11-04-2023,T-Shirt,Clothing,30.8,2.28,1,0.19,CUST7273
1056,05-02-2023,Dumbbells,Sports,348.58,28.73,8,0.19,CUST4842
1057,05-08-2023,Football,Sports,489.22,66.95,5,0.22,CUST7110
1058,01-02-2023,Treadmill,Sports,978.79,146.79,1,0.05,CUST4342
1059,11-10-2023,Curtains,Home Decor,31.66,5.09,8,0.23,CUST1465
1060,25-10-2023,Jeans,Clothing,145.19,25.51,8,0.13,CUST7864
1061,21-04-2023,Wall Art,Home Decor,172.29,10.71,9,0.34,CUST3665
1062,26-04-2023,Eggs,Groceries,857.09,201.08,3,0.01,CUST9646
1063,12-08-2023,Tablet,Electronics,735.95,129.31,9,0.38,CUST5186
1064,30-11-2023,Rice,Groceries,870.93,235.32,10,0.48,CUST7687
1065,11-10-2023,Smartphone,Electronics,294.93,50.46,2,0.23,CUST3513
1066,04-07-2023,Dress,Clothing,77.9,6.26,9,0.27,CUST9950
1067,09-01-2023,Wall Art,Home Decor,908.87,108.37,4,0.06,CUST7657
1068,02-02-2023,Tennis Racket,Sports,466.49,114.35,3,0.08,CUST9484
1069,06-07-2023,Jacket,Clothing,202.75,52.92,10,0.12,CUST4251
1070,27-10-2023,Smartwatch,Electronics,614.87,147.04,2,0.08,CUST6744
1071,02-05-2023,Eggs,Groceries,76.76,7.49,9,0.31,CUST8213
1072,25-09-2023,Curtains,Home Decor,454.41,112.03,6,0.2,CUST2141
1073,08-06-2023,Bread,Groceries,128.75,34.58,3,0.07,CUST3957
1074,10-02-2023,T-Shirt,Clothing,278.05,31.58,4,0.37,CUST3847
1075,24-07-2023,Vegetables,Groceries,500.36,26.35,8,0.07,CUST6312
1076,15-04-2023,Carpet,Home Decor,981.63,207.82,2,0.42,CUST5307
1077,17-10-2023,Smartwatch,Electronics,649.31,94.16,8,0.38,CUST7547
1078,22-03-2023,Curtains,Home Decor,938.38,276.4,3,0.31,CUST1032
1079,10-11-2023,Sneakers,Clothing,528.61,117.13,1,0.16,CUST4428
1080,18-12-2023,Headphones,Electronics,987.72,183.55,7,0.29,CUST1286
1081,17-04-2023,Wall Art,Home Decor,924.25,126.45,4,0.37,CUST6224
1082,07-05-2023,Dress,Clothing,614.9,110.74,6,0.46,CUST1649
1083,18-01-2023,Rice,Groceries,287.9,51.23,2,0.24,CUST3425
1084,03-09-2023,Curtains,Home Decor,228.75,33.95,7,0.2,CUST2929
1085,28-05-2023,Tablet,Electronics,144.22,26.79,3,0.26,CUST8860
1086,22-10-2023,Treadmill,Sports,755.58,123.72,2,0.28,CUST6214
1087,03-06-2023,Tennis Racket,Sports,605.17,174.52,1,0.25,CUST7797
1088,29-03-2023,Curtains,Home Decor,721.4,114.93,7,0.41,CUST1921
1089,11-01-2023,Rice,Groceries,432.5,48.79,3,0.12,CUST1257
1090,26-06-2023,Smartphone,Electronics,204.31,34.55,2,0.39,CUST8734
1091,15-06-2023,Carpet,Home Decor,528.67,116.48,1,0.46,CUST3848
1092,11-06-2023,Headphones,Electronics,870.75,105.01,10,0.41,CUST3993
1093,12-02-2023,Bread,Groceries,448.08,107.16,1,0.34,CUST6177
1094,21-01-2023,Curtains,Home Decor,198.26,16.32,2,0.4,CUST3882
1095,10-02-2023,Smartwatch,Electronics,717.43,91.5,2,0.27,CUST7019
1096,29-08-2023,Smartphone,Electronics,168.99,37.14,5,0.2,CUST2568
1097,05-10-2023,Carpet,Home Decor,810.76,151.71,6,0.03,CUST7674
1098,08-12-2023,Headphones,Electronics,385.53,73.32,5,0.35,CUST2108
1099,12-04-2023,Jeans,Clothing,103.17,14.15,10,0.35,CUST2579
1100,07-08-2023,Dumbbells,Sports,830.15,147.45,5,0.47,CUST2519
1101,08-06-2023,Cushion,Home Decor,518.19,155.04,2,0.02,CUST7390
1102,29-08-2023,Bread,Groceries,895.93,203.8,10,0.46,CUST7868
1103,09-01-2023,T-Shirt,Clothing,19.32,4.62,9,0.45,CUST1967
1104,27-01-2023,Dumbbells,Sports,43.28,3.8,7,0.09,CUST6431
1105,23-07-2023,Carpet,Home Decor,69.17,19.72,8,0.44,CUST6044
1106,05-07-2023,Yoga Mat,Sports,344.47,69.98,2,0.2,CUST4273
1107,30-09-2023,Smartphone,Electronics,285.1,73.78,5,0.39,CUST6786
1108,05-11-2023,Jeans,Clothing,980.97,245.67,1,0.2,CUST6566
1109,14-01-2023,Wall Art,Home Decor,754.37,195.03,10,0.19,CUST3224
1110,27-03-2023,Cushion,Home Decor,25.4,1.85,9,0.45,CUST1986
1111,05-09-2023,Laptop,Electronics,995.94,152.01,9,0.41,CUST4528
1112,06-09-2023,Laptop,Electronics,958.17,116.7,1,0.25,CUST9295
1113,08-06-2023,Headphones,Electronics,221.05,11.1,8,0.02,CUST5249
1114,14-06-2023,Vegetables,Groceries,30.48,2.89,3,0.08,CUST7149
1115,21-03-2023,Laptop,Electronics,281.71,67.21,3,0.34,CUST3903
1116,27-08-2023,Sneakers,Clothing,506.32,109.79,2,0.42,CUST3148
1117,20-06-2023,Carpet,Home Decor,529.27,31.67,6,0.28,CUST1954
1118,07-10-2023,Curtains,Home Decor,88.97,18.45,8,0.44,CUST3281
1119,24-03-2023,Sneakers,Clothing,896.93,252,3,0.16,CUST4136
1120,06-04-2023,Dress,Clothing,532.09,136.69,10,0.33,CUST2002
1121,23-01-2023,Sneakers,Clothing,986.19,226.74,10,0.15,CUST5131
1122,25-03-2023,Milk,Groceries,843.5,107.61,2,0.03,CUST3985
1123,30-09-2023,Tablet,Electronics,462.08,106.97,9,0.16,CUST1670
1124,11-08-2023,Treadmill,Sports,696.59,143.68,5,0.23,CUST4057
1125,05-07-2023,Dress,Clothing,713.91,104.08,9,0.31,CUST1353
1126,02-01-2023,T-Shirt,Clothing,222.51,34.09,2,0,CUST6947
1127,11-01-2023,Wall Art,Home Decor,35.43,9.86,1,0.11,CUST3213
1128,26-07-2023,Tennis Racket,Sports,984.32,67.59,10,0.25,CUST8161
1129,01-11-2023,Eggs,Groceries,480.35,40.31,2,0.32,CUST4112
1130,25-02-2023,T-Shirt,Clothing,489.01,100.55,8,0.23,CUST6229
1131,08-09-2023,Cushion,Home Decor,886.02,244.83,8,0.46,CUST7837
1132,25-06-2023,Jeans,Clothing,290.86,58.82,3,0.43,CUST6846
1133,30-11-2023,Smartwatch,Electronics,528.15,34.61,4,0.21,CUST1961
1134,12-01-2023,Bread,Groceries,320.39,56.34,2,0.46,CUST3131
1135,30-07-2023,Rice,Groceries,571.37,133.35,8,0.14,CUST7992
1136,16-09-2023,Lamp,Home Decor,447.97,130.45,1,0.04,CUST5220
1137,01-02-2023,Bread,Groceries,411.88,43.34,6,0.02,CUST7526
1138,30-07-2023,Dress,Clothing,494.44,104.62,10,0.24,CUST8126
1139,28-10-2023,Tennis Racket,Sports,532.38,67.4,3,0.32,CUST6363
1140,10-01-2023,T-Shirt,Clothing,390.39,45.89,6,0.17,CUST2830
1141,09-02-2023,Treadmill,Sports,592.99,127.25,7,0.37,CUST2985
1142,21-04-2023,Smartphone,Electronics,364.69,56.87,10,0.23,CUST9823
1143,23-12-2023,Tablet,Electronics,490.34,33.98,8,0.11,CUST9221
1144,04-03-2023,Dumbbells,Sports,894.84,120.87,2,0.16,CUST9881
1145,10-07-2023,Smartwatch,Electronics,378.38,94.6,6,0.11,CUST6866
1146,14-07-2023,Smartwatch,Electronics,470.89,26.35,7,0.32,CUST5705
1147,23-06-2023,Cushion,Home Decor,850.7,195.44,6,0.24,CUST9883
1148,12-09-2023,Rice,Groceries,173.57,19.01,8,0.47,CUST8859
1149,30-10-2023,Vegetables,Groceries,87.07,23.05,2,0.39,CUST8375
1150,27-08-2023,Vegetables,Groceries,117.92,8.58,6,0.07,CUST5205
1151,25-06-2023,Bread,Groceries,889.21,129.87,4,0.47,CUST1325
1152,17-08-2023,Headphones,Electronics,882.8,157.46,7,0.05,CUST2153
1153,29-03-2023,Treadmill,Sports,569.09,102.39,9,0.23,CUST5716
1154,24-05-2023,Tablet,Electronics,831.03,128.95,5,0.05,CUST7418
1155,27-08-2023,Curtains,Home Decor,910.85,212.93,3,0.12,CUST8298
1156,04-04-2023,Wall Art,Home Decor,395.07,65.74,10,0.3,CUST2591
1157,20-04-2023,Tennis Racket,Sports,316.42,65.18,6,0.35,CUST2282
1158,01-12-2023,Cushion,Home Decor,384.75,74.26,1,0.18,CUST3596
1159,09-01-2023,Jacket,Clothing,985.19,163.12,2,0.25,CUST7974
1160,17-07-2023,Milk,Groceries,478.79,57.69,3,0.34,CUST7322
1161,07-06-2023,Treadmill,Sports,945.69,175.98,1,0.11,CUST5740
1162,03-02-2023,T-Shirt,Clothing,766.21,53,9,0.3,CUST6679
1163,26-04-2023,Yoga Mat,Sports,962.48,103.54,1,0.45,CUST4176
1164,13-04-2023,Treadmill,Sports,535.14,63.75,2,0.32,CUST2672
1165,31-12-2023,Jacket,Clothing,880.34,144.78,1,0.14,CUST1186
1166,30-04-2023,Jacket,Clothing,550.74,128.72,1,0.04,CUST2508
1167,26-01-2023,Headphones,Electronics,226.62,58.43,8,0.47,CUST3353
1168,26-01-2023,Curtains,Home Decor,263.19,26.58,3,0.3,CUST4387
1169,16-05-2023,Lamp,Home Decor,244.32,72.77,8,0.04,CUST5631
1170,18-12-2023,Jeans,Clothing,234.51,46.12,8,0.24,CUST8355
1171,05-09-2023,Smartphone,Electronics,127.95,28.17,10,0.08,CUST8368
1172,04-11-2023,Football,Sports,996.9,88.79,2,0.03,CUST8135
1173,30-09-2023,Dumbbells,Sports,723.99,206.7,6,0.43,CUST4098
1174,24-06-2023,Eggs,Groceries,342.54,90.1,4,0.3,CUST7528
1175,05-01-2023,Laptop,Electronics,839.47,160.34,9,0.38,CUST5578
1176,07-03-2023,Jacket,Clothing,638.62,53.31,8,0.03,CUST9079
1177,31-01-2023,Sneakers,Clothing,403.2,62.93,1,0.11,CUST7626
1178,27-08-2023,Cushion,Home Decor,641.75,186.14,4,0.01,CUST3957
1179,01-07-2023,Sneakers,Clothing,298.8,37.43,7,0.13,CUST8772
1180,30-07-2023,Carpet,Home Decor,480.46,121.76,7,0.16,CUST8947
1181,18-02-2023,Tennis Racket,Sports,526.35,45.54,7,0.39,CUST3655
1182,22-07-2023,Headphones,Electronics,975.26,200.57,5,0.21,CUST3030
1183,03-08-2023,Smartwatch,Electronics,11.95,0.66,1,0.37,CUST3414
1184,07-10-2023,Sneakers,Clothing,393.18,51.4,1,0.29,CUST6388
1185,30-11-2023,Curtains,Home Decor,76.07,19.15,7,0.24,CUST4992
1186,19-11-2023,Sneakers,Clothing,768.53,101.44,8,0.21,CUST1909
1187,15-03-2023,Smartphone,Electronics,790.05,89.74,1,0.34,CUST2755
1188,19-12-2023,Lamp,Home Decor,750.23,62.21,1,0.32,CUST1829
1189,22-05-2023,Smartwatch,Electronics,80.5,21.07,6,0.18,CUST5599
1190,06-09-2023,Sneakers,Clothing,807.76,157.21,6,0.03,CUST9052
1191,16-04-2023,Cushion,Home Decor,631.07,104.92,1,0.23,CUST2227
1192,30-08-2023,Bread,Groceries,783.79,94.51,9,0.03,CUST2011
1193,16-01-2023,Dress,Clothing,882.16,234.85,4,0.19,CUST9443
1194,10-08-2023,Laptop,Electronics,124.49,7.01,7,0.37,CUST4343
1195,11-12-2023,T-Shirt,Clothing,524.24,110.94,3,0.32,CUST2462
1196,13-11-2023,Milk,Groceries,174.02,44.9,2,0.34,CUST8179
1197,05-09-2023,Tennis Racket,Sports,873.53,126.26,6,0.16,CUST3242
1198,22-09-2023,Football,Sports,340.46,82.31,10,0.5,CUST3461
1199,27-09-2023,Bread,Groceries,343.2,24.53,2,0.24,CUST9823
1200,29-09-2023,Dumbbells,Sports,665.21,82.9,9,0.26,CUST5872
1201,05-08-2023,Cushion,Home Decor,702.41,178.9,4,0.34,CUST5718
1202,24-05-2023,Football,Sports,80.95,19.58,10,0.12,CUST8108
1203,20-02-2023,Milk,Groceries,564.32,40.5,7,0.37,CUST9854
1204,15-07-2023,Carpet,Home Decor,137.19,33.04,1,0.34,CUST3514
1205,23-01-2023,Curtains,Home Decor,573.08,35.92,3,0.31,CUST7040
1206,14-08-2023,Sneakers,Clothing,935.08,119.24,10,0.34,CUST3345
1207,12-04-2023,Dumbbells,Sports,942.67,66.41,2,0,CUST2570
1208,01-04-2023,Lamp,Home Decor,283.18,72.37,4,0.33,CUST1457
1209,30-08-2023,T-Shirt,Clothing,380.52,32.26,2,0.21,CUST1327
1210,24-07-2023,Bread,Groceries,793.33,96.47,1,0.29,CUST2175
1211,02-09-2023,Vegetables,Groceries,756.02,168.39,1,0.09,CUST4112
1212,26-07-2023,Treadmill,Sports,918.51,219.35,9,0.08,CUST4085
1213,29-05-2023,Smartwatch,Electronics,89.96,6.76,6,0.36,CUST8165
1214,15-11-2023,Sneakers,Clothing,529.53,138.85,6,0.3,CUST7738
1215,13-04-2023,T-Shirt,Clothing,118.92,32.71,1,0.24,CUST3352
1216,11-05-2023,Milk,Groceries,223.39,19.85,6,0.21,CUST6476
1217,11-08-2023,Dress,Clothing,821.79,47.98,6,0.33,CUST2095
1218,12-10-2023,Wall Art,Home Decor,562.94,156.51,7,0.19,CUST9721
1219,29-05-2023,Dumbbells,Sports,657.6,141.75,8,0.38,CUST6453
1220,19-05-2023,Laptop,Electronics,529.04,54.07,10,0.03,CUST7723
1221,13-06-2023,Lamp,Home Decor,161.25,18.77,2,0.28,CUST3672
1222,12-07-2023,Cushion,Home Decor,331.7,90.74,10,0.26,CUST2131
1223,22-11-2023,Jeans,Clothing,970.77,162.08,8,0.21,CUST4106
1224,23-03-2023,Vegetables,Groceries,891.61,142.11,3,0.23,CUST4389
1225,05-09-2023,Tennis Racket,Sports,669.95,159.58,7,0.15,CUST5239
1226,16-09-2023,Cushion,Home Decor,424.13,95.59,4,0.49,CUST5437
1227,13-09-2023,Carpet,Home Decor,559.24,143.63,10,0.16,CUST2940
1228,30-08-2023,Football,Sports,112.21,8.88,9,0.31,CUST2647
1229,29-12-2023,Tablet,Electronics,640.43,183.15,8,0.17,CUST6618
1230,17-07-2023,Rice,Groceries,875.5,88.16,4,0.03,CUST4353
1231,31-10-2023,Carpet,Home Decor,967.63,122.73,10,0.4,CUST9761
1232,22-03-2023,Smartphone,Electronics,986.82,254.36,5,0.28,CUST8082
1233,05-05-2023,Treadmill,Sports,835.24,68.27,1,0.13,CUST5554
1234,17-07-2023,Jacket,Clothing,130.3,29.29,5,0.02,CUST6267
1235,24-08-2023,Curtains,Home Decor,125.2,17.92,8,0.43,CUST7357
1236,10-11-2023,Smartphone,Electronics,723.33,106.82,2,0.48,CUST9995
1237,24-06-2023,Laptop,Electronics,565.81,82.06,10,0.19,CUST7420
1238,30-08-2023,Wall Art,Home Decor,753.49,215.53,8,0.09,CUST7913
1239,25-02-2023,Tennis Racket,Sports,500.26,65.45,1,0.05,CUST2244
1240,16-12-2023,Tablet,Electronics,595.55,139.96,1,0.43,CUST9890
1241,24-11-2023,Dress,Clothing,30.09,6.87,8,0.23,CUST6114
1242,09-02-2023,Jacket,Clothing,513.24,86.56,4,0.2,CUST3764
1243,10-07-2023,Milk,Groceries,207.11,28.84,10,0.39,CUST9529
1244,07-06-2023,Yoga Mat,Sports,735.96,185.27,4,0.08,CUST9389
1245,07-01-2023,Rice,Groceries,12.72,1.09,1,0.16,CUST1412
1246,25-02-2023,Vegetables,Groceries,729.58,142.26,9,0.41,CUST5206
1247,19-12-2023,Curtains,Home Decor,616.95,171.18,5,0.39,CUST9011
1248,14-09-2023,Dress,Clothing,786.88,207.67,7,0.3,CUST9301
1249,04-12-2023,Tablet,Electronics,881.71,244.14,10,0.04,CUST5350
1250,17-02-2023,T-Shirt,Clothing,416.84,44.36,8,0.43,CUST7340
1251,15-05-2023,Milk,Groceries,256.6,37.05,5,0.15,CUST7177
1252,11-02-2023,Lamp,Home Decor,583.15,152.34,6,0.09,CUST9449
1253,23-12-2023,Dumbbells,Sports,539.41,69.06,7,0.01,CUST4212
1254,14-06-2023,Carpet,Home Decor,348.98,86.92,1,0.03,CUST9552
1255,05-06-2023,Lamp,Home Decor,302.46,73.51,1,0.01,CUST4277
1256,14-03-2023,Sneakers,Clothing,542.49,32.3,2,0.38,CUST1993
1257,22-01-2023,Laptop,Electronics,810.75,86.53,9,0.48,CUST7682
1258,29-03-2023,Yoga Mat,Sports,233.66,28.17,6,0.12,CUST8780
1259,10-01-2023,Jeans,Clothing,820.59,46.09,6,0.38,CUST2470
1260,11-05-2023,Yoga Mat,Sports,274.77,16.62,5,0.42,CUST9620
1261,04-04-2023,Curtains,Home Decor,273.84,69.99,6,0.27,CUST8100
1262,16-11-2023,Dress,Clothing,314.46,87.83,1,0.22,CUST8413
1263,29-07-2023,T-Shirt,Clothing,156.16,20.76,9,0.23,CUST5341
1264,25-04-2023,Tennis Racket,Sports,88.29,13.51,5,0.32,CUST6955
1265,06-02-2023,Cushion,Home Decor,121.33,10.3,2,0.42,CUST7786
1266,07-11-2023,Smartwatch,Electronics,506.56,151.46,3,0.08,CUST5983
1267,29-11-2023,Lamp,Home Decor,833.68,181.19,7,0.14,CUST4762
1268,29-09-2023,Lamp,Home Decor,371.58,61.19,10,0,CUST6530
1269,09-05-2023,T-Shirt,Clothing,981.4,225.75,9,0.43,CUST7779
1270,21-01-2023,Dress,Clothing,663.23,105.75,1,0.27,CUST3755
1271,11-03-2023,Bread,Groceries,687.28,192.96,1,0.13,CUST8146
1272,26-02-2023,Carpet,Home Decor,191.88,11.63,6,0.5,CUST3139
1273,26-07-2023,Milk,Groceries,359.01,29.4,10,0.35,CUST2286
1274,01-01-2024,Curtains,Home Decor,217.39,33.53,1,0.48,CUST7716
1275,04-10-2023,Smartphone,Electronics,521.56,70.21,6,0.12,CUST4840
1276,26-11-2023,Football,Sports,513.28,117.35,6,0.47,CUST2477
1277,06-05-2023,Smartphone,Electronics,839.43,162.72,9,0.15,CUST1641
1278,12-10-2023,Bread,Groceries,546.23,102.86,8,0.42,CUST2649
1279,01-01-2023,Vegetables,Groceries,427.88,102.25,5,0.32,CUST9220
1280,12-12-2023,Smartphone,Electronics,738.88,126.56,9,0.4,CUST6736
1281,23-06-2023,Sneakers,Clothing,355.52,74.81,2,0.05,CUST4436
1282,17-05-2023,Smartwatch,Electronics,401.35,104.79,2,0.44,CUST5791
1283,25-02-2023,Laptop,Electronics,720.72,88.47,4,0.06,CUST6818
1284,04-03-2023,Milk,Groceries,53.74,15.12,9,0.14,CUST1795
1285,30-08-2023,Tennis Racket,Sports,782.35,45.73,7,0.39,CUST7343
1286,03-06-2023,Laptop,Electronics,97.48,24.67,2,0.11,CUST2098
1287,06-08-2023,Tablet,Electronics,436.7,129.28,8,0.45,CUST8529
1288,22-12-2023,Smartphone,Electronics,619.13,148.93,9,0.15,CUST9611
1289,23-04-2023,Tennis Racket,Sports,419.24,23.54,7,0.05,CUST3515
1290,08-07-2023,Sneakers,Clothing,688.09,194.29,2,0.09,CUST5871
1291,12-03-2023,Football,Sports,110.64,27.73,4,0.3,CUST1172
1292,18-09-2023,Tablet,Electronics,621.99,56.61,8,0.05,CUST3003
1293,30-10-2023,Curtains,Home Decor,970.54,96.03,9,0.22,CUST9340
1294,18-11-2023,Tennis Racket,Sports,970.99,105.81,6,0.36,CUST2776
1295,23-03-2023,Dumbbells,Sports,895.52,154.5,1,0.41,CUST4009
1296,05-03-2023,Laptop,Electronics,775.9,160.54,5,0.17,CUST2692
1297,30-06-2023,Yoga Mat,Sports,27.94,5.45,8,0.36,CUST8474
1298,08-03-2023,Smartphone,Electronics,825.86,214.15,10,0.07,CUST8972
1299,27-06-2023,Wall Art,Home Decor,561.4,161.92,4,0.12,CUST9116
1300,20-05-2023,Curtains,Home Decor,271.79,61.11,8,0.49,CUST2349
1301,29-10-2023,Headphones,Electronics,114.68,17.05,8,0.25,CUST3679
1302,28-01-2023,Dress,Clothing,714.35,148.32,9,0.44,CUST9346
1303,15-06-2023,Vegetables,Groceries,289.73,65.09,5,0.37,CUST7693
1304,30-07-2023,Headphones,Electronics,22.08,3.88,2,0.05,CUST8095
1305,13-01-2023,Cushion,Home Decor,407.25,30.37,6,0.3,CUST7401
1306,20-08-2023,Tablet,Electronics,940.93,168.85,7,0.28,CUST2088
1307,17-11-2023,Headphones,Electronics,156.34,28.78,2,0.23,CUST3659
1308,28-12-2023,Wall Art,Home Decor,521.61,70.32,8,0.43,CUST8092
1309,02-05-2023,Carpet,Home Decor,335.12,79.51,7,0.16,CUST6044
1310,27-03-2023,Treadmill,Sports,426.05,31.8,10,0.21,CUST3412
1311,09-12-2023,Jeans,Clothing,828.76,202.9,8,0.41,CUST1465
1312,29-11-2023,Wall Art,Home Decor,983.67,249.71,7,0.14,CUST9741
1313,18-08-2023,Rice,Groceries,291.83,40.19,8,0.41,CUST1823
1314,08-05-2023,Dumbbells,Sports,973.94,138.23,9,0.5,CUST8826
1315,08-06-2023,Jacket,Clothing,974.14,103.13,4,0.43,CUST6325
1316,22-04-2023,Headphones,Electronics,150.31,42.62,3,0.31,CUST6620
1317,22-12-2023,Jeans,Clothing,53.23,9.98,1,0.3,CUST2710
1318,20-03-2023,Tablet,Electronics,38.16,9.5,10,0.09,CUST4425
1319,21-01-2023,Smartphone,Electronics,18.81,1.89,7,0.28,CUST2214
1320,25-09-2023,T-Shirt,Clothing,186.88,17.04,8,0.25,CUST2583
1321,06-09-2023,Dress,Clothing,613.91,171.3,3,0.36,CUST4830
1322,07-11-2023,Yoga Mat,Sports,490.27,130,3,0.44,CUST5039
1323,13-12-2023,Dress,Clothing,847.48,215.58,9,0.04,CUST5497
1324,03-10-2023,Tennis Racket,Sports,634.62,108.65,8,0.08,CUST3924
1325,27-08-2023,Milk,Groceries,552.76,141.32,9,0.49,CUST9426
1326,23-11-2023,Carpet,Home Decor,183.46,39.11,4,0.45,CUST2175
1327,13-08-2023,Milk,Groceries,748.71,83.9,1,0.32,CUST9611
1328,15-08-2023,Laptop,Electronics,360.3,67.26,2,0.3,CUST3278
1329,25-10-2023,Jacket,Clothing,569.68,123.76,3,0.48,CUST8070
1330,07-10-2023,Tennis Racket,Sports,581.58,122.7,5,0.06,CUST4222
1331,02-08-2023,Smartwatch,Electronics,277.18,23.82,2,0.28,CUST9119
1332,26-08-2023,Laptop,Electronics,330.97,67.85,6,0.08,CUST3465
1333,06-10-2023,Carpet,Home Decor,165.68,19.01,4,0.34,CUST5308
1334,26-11-2023,Sneakers,Clothing,338.15,97.7,3,0.47,CUST6483
1335,11-02-2023,Football,Sports,852.19,85.91,5,0.17,CUST1005
1336,20-11-2023,Laptop,Electronics,491.64,57.44,8,0.35,CUST8120
1337,24-04-2023,Vegetables,Groceries,602.32,124.57,7,0.05,CUST8701
1338,12-04-2023,Laptop,Electronics,293.83,24.13,5,0.22,CUST6411
1339,05-09-2023,Bread,Groceries,60.63,14.76,2,0.48,CUST1635
1340,22-12-2023,Tennis Racket,Sports,25.8,7.74,9,0.37,CUST6907
1341,18-08-2023,T-Shirt,Clothing,119.42,17.67,10,0.27,CUST8719
1342,07-05-2023,Football,Sports,852.59,171.74,4,0.12,CUST5702
1343,12-09-2023,Cushion,Home Decor,177.69,46.92,4,0.25,CUST4072
1344,24-09-2023,Bread,Groceries,377.17,53.31,5,0.07,CUST6970
1345,12-10-2023,Sneakers,Clothing,192.97,46.3,1,0.02,CUST8989
1346,20-12-2023,Yoga Mat,Sports,408.83,94.41,8,0.14,CUST9077
1347,16-03-2023,Yoga Mat,Sports,653.22,180.08,8,0.25,CUST1558
1348,20-03-2023,Sneakers,Clothing,246.16,61.85,1,0.34,CUST1130
1349,15-01-2023,Rice,Groceries,322.88,78.82,2,0.4,CUST1176
1350,04-07-2023,Wall Art,Home Decor,726.31,197.84,9,0.46,CUST6279
1351,19-11-2023,Dress,Clothing,598.23,129.67,2,0.37,CUST8784
1352,02-07-2023,Treadmill,Sports,97.07,7.94,7,0.32,CUST5095
1353,06-01-2023,Bread,Groceries,668.35,78.42,1,0.3,CUST9700
1354,23-07-2023,Rice,Groceries,555.03,112.86,9,0.09,CUST2502
1355,23-04-2023,Tennis Racket,Sports,870.8,120.77,2,0.37,CUST6576
1356,22-06-2023,Yoga Mat,Sports,258.11,20.96,8,0.47,CUST7256
1357,28-12-2023,Smartwatch,Electronics,28.52,7.75,9,0.4,CUST7713
1358,26-09-2023,Wall Art,Home Decor,609.89,170.01,1,0.39,CUST7441
1359,01-05-2023,Jacket,Clothing,970.18,274.21,8,0.03,CUST8523
1360,18-12-2023,Dress,Clothing,169.27,23.31,8,0.13,CUST5231
1361,04-06-2023,Eggs,Groceries,531.26,65.92,6,0.4,CUST9845
1362,30-03-2023,Smartwatch,Electronics,46.41,5.25,3,0.06,CUST8053
1363,14-07-2023,Cushion,Home Decor,299.84,29.67,4,0.15,CUST6693
1364,30-03-2023,Dress,Clothing,195.19,18.21,2,0.12,CUST7417
1365,23-09-2023,Sneakers,Clothing,690.02,56.1,7,0.2,CUST8743
1366,06-10-2023,Headphones,Electronics,833.27,240.42,5,0.03,CUST6314
1367,17-11-2023,Football,Sports,538.02,58.11,2,0.38,CUST3926
1368,23-02-2023,Yoga Mat,Sports,566.31,63.79,3,0.24,CUST3425
1369,10-04-2023,Rice,Groceries,966.39,253,10,0.08,CUST9871
1370,09-09-2023,Eggs,Groceries,505.77,122.6,10,0.06,CUST5579
1371,11-01-2023,Yoga Mat,Sports,216.73,18.48,3,0.2,CUST1930
1372,23-06-2023,Football,Sports,763.2,81.48,1,0.43,CUST1358
1373,22-10-2023,Milk,Groceries,421.25,90.55,4,0.13,CUST5164
1374,04-08-2023,Jeans,Clothing,199.38,38.78,10,0.45,CUST3577
1375,11-05-2023,Curtains,Home Decor,414.36,20.95,9,0.38,CUST6787
1376,13-08-2023,Treadmill,Sports,59.45,17.42,7,0.33,CUST5705
1377,24-12-2023,Rice,Groceries,749.02,206.4,3,0.08,CUST5098
1378,02-03-2023,Dress,Clothing,527.66,79.93,8,0.19,CUST7060
1379,22-07-2023,Curtains,Home Decor,499.79,36.11,7,0.03,CUST7125
1380,26-11-2023,Dress,Clothing,836.94,173.08,5,0.18,CUST3781
1381,05-06-2023,Sneakers,Clothing,92.85,24.36,5,0.24,CUST3445
1382,21-02-2023,Jacket,Clothing,318.27,32.56,9,0.31,CUST3931
1383,02-08-2023,Wall Art,Home Decor,982.57,190.78,5,0.21,CUST3183
1384,30-06-2023,Curtains,Home Decor,183.16,45.19,4,0.49,CUST7898
1385,21-07-2023,Dumbbells,Sports,317.22,24.67,10,0.3,CUST7240
1386,18-07-2023,Dress,Clothing,991.62,95.65,8,0.42,CUST6783
1387,28-06-2023,Vegetables,Groceries,550.65,95.79,10,0.36,CUST9882
1388,24-02-2023,Smartwatch,Electronics,850.26,163.27,5,0.21,CUST1523
1389,17-04-2023,Wall Art,Home Decor,96.54,16.94,7,0.37,CUST8562
1390,06-06-2023,Curtains,Home Decor,26.12,1.65,2,0.27,CUST6504
1391,30-08-2023,Jeans,Clothing,412.52,55.76,4,0.36,CUST9137
1392,16-04-2023,Vegetables,Groceries,570.51,94.06,5,0.13,CUST6031
1393,24-05-2023,Smartphone,Electronics,111.5,32.19,5,0.23,CUST5244
1394,10-08-2023,Vegetables,Groceries,925.07,150.86,7,0.27,CUST6040
1395,25-09-2023,Tennis Racket,Sports,168.36,49.3,3,0.46,CUST5216
1396,25-10-2023,Rice,Groceries,489.47,46.32,1,0.27,CUST1686
1397,26-06-2023,Smartwatch,Electronics,458.12,91.99,4,0.24,CUST4867
1398,20-11-2023,Headphones,Electronics,232.02,19.82,8,0.21,CUST6607
1399,22-05-2023,Eggs,Groceries,783.04,95.48,8,0.41,CUST4584
1400,01-09-2023,Carpet,Home Decor,302.54,21.49,1,0.02,CUST8157
1401,28-02-2023,Wall Art,Home Decor,245.26,21.74,7,0.4,CUST5230
1402,06-02-2023,Headphones,Electronics,919.93,258.3,9,0.44,CUST1839
1403,04-03-2023,Carpet,Home Decor,422.83,30.81,4,0.34,CUST3259
1404,31-07-2023,Curtains,Home Decor,593.35,60.51,7,0.35,CUST2157
1405,17-06-2023,Bread,Groceries,562.31,95.14,9,0.15,CUST5131
1406,08-04-2023,Dress,Clothing,784.76,83.08,2,0.43,CUST2434
1407,24-12-2023,Tablet,Electronics,877.81,87.57,9,0.26,CUST4710
1408,21-02-2023,Tennis Racket,Sports,307.3,86.55,9,0.01,CUST7613
1409,02-12-2023,Cushion,Home Decor,904.31,125.41,4,0.04,CUST2982
1410,16-09-2023,Tablet,Electronics,295.27,18.39,4,0.29,CUST8106
1411,16-01-2023,Jacket,Clothing,714.91,99.98,6,0.06,CUST3206
1412,11-09-2023,Jacket,Clothing,410.83,85.31,3,0.44,CUST3045
1413,05-05-2023,Milk,Groceries,658.37,115.35,2,0,CUST9827
1414,18-04-2023,Lamp,Home Decor,507.04,133.41,5,0.41,CUST7800
1415,08-02-2023,Dress,Clothing,684.87,173.34,2,0.28,CUST1334
1416,15-08-2023,Laptop,Electronics,868.92,114.36,5,0.5,CUST2034
1417,15-03-2023,T-Shirt,Clothing,916.64,74.5,7,0.46,CUST5246
1418,14-02-2023,Bread,Groceries,577.56,139.34,6,0.1,CUST4589
1419,02-12-2023,Smartwatch,Electronics,204.9,10.45,5,0.49,CUST6704
1420,02-04-2023,Laptop,Electronics,834.94,131.3,10,0.29,CUST2230
1421,18-08-2023,Wall Art,Home Decor,388.52,112.27,9,0.47,CUST1615
1422,05-11-2023,Smartphone,Electronics,107.69,26.7,7,0.41,CUST2469
1423,29-09-2023,Yoga Mat,Sports,375.76,46.27,5,0.24,CUST7114
1424,04-03-2023,Sneakers,Clothing,225.51,47.7,9,0.48,CUST6456
1425,11-03-2023,Headphones,Electronics,121.86,10.04,7,0.25,CUST4288
1426,20-07-2023,Dress,Clothing,502.91,150.18,8,0.36,CUST2610
1427,05-04-2023,Tennis Racket,Sports,635.87,156.86,10,0.13,CUST5278
1428,20-09-2023,T-Shirt,Clothing,355.08,45.83,1,0.15,CUST7571
1429,05-06-2023,Football,Sports,102.32,9.49,3,0.45,CUST1452
1430,10-07-2023,T-Shirt,Clothing,295.51,73.04,5,0.39,CUST7816
1431,23-01-2023,Smartphone,Electronics,869.35,127.17,1,0.45,CUST6127
1432,13-10-2023,Sneakers,Clothing,171.54,15.45,1,0.2,CUST9571
1433,17-07-2023,Rice,Groceries,49.97,10.7,1,0.12,CUST2593
1434,26-04-2023,T-Shirt,Clothing,137.6,27.48,3,0.4,CUST3761
1435,15-05-2023,Carpet,Home Decor,23.54,2.54,9,0.27,CUST7876
1436,10-05-2023,Rice,Groceries,479.08,91.36,4,0.05,CUST3623
1437,27-04-2023,Smartphone,Electronics,852.99,111.25,1,0.24,CUST2948
1438,21-02-2023,Rice,Groceries,185.61,29.48,9,0.12,CUST8883
1439,16-12-2023,Yoga Mat,Sports,146.39,9.36,4,0.27,CUST2986
1440,13-02-2023,Dumbbells,Sports,325.19,51.23,4,0.49,CUST3603
1441,24-05-2023,Jeans,Clothing,512.46,70.76,4,0.03,CUST5995
1442,09-11-2023,Laptop,Electronics,700.49,204.98,6,0.28,CUST4898
1443,24-01-2023,Carpet,Home Decor,638.75,53.81,6,0.21,CUST6009
1444,18-06-2023,Eggs,Groceries,990.72,293.97,3,0.44,CUST2986
1445,01-07-2023,Dumbbells,Sports,807.67,185.39,5,0.29,CUST7454
1446,16-11-2023,T-Shirt,Clothing,79.85,21.7,10,0.16,CUST4865
1447,27-06-2023,Milk,Groceries,250.96,47.41,4,0.43,CUST2411
1448,08-06-2023,Tablet,Electronics,411.52,29.54,5,0.12,CUST6133
1449,26-09-2023,Vegetables,Groceries,36.17,6.94,9,0.07,CUST7951
1450,24-11-2023,Headphones,Electronics,392.23,81.63,6,0.03,CUST6393
1451,27-02-2023,Treadmill,Sports,313.11,55.11,4,0.11,CUST6347
1452,21-04-2023,Vegetables,Groceries,502.38,70.89,3,0.1,CUST1489
1453,29-01-2023,Lamp,Home Decor,629.31,184.88,3,0.25,CUST5632
1454,27-06-2023,Smartwatch,Electronics,569.39,43.4,1,0.42,CUST6580
1455,13-11-2023,Tennis Racket,Sports,212.08,32.98,2,0.32,CUST3471
1456,26-07-2023,Rice,Groceries,200.86,41.85,8,0.15,CUST6706
1457,02-11-2023,Curtains,Home Decor,656.25,92.19,10,0.48,CUST1812
1458,27-05-2023,Jacket,Clothing,948.75,234.94,8,0.11,CUST6483
1459,26-03-2023,Football,Sports,796.44,80.18,2,0.22,CUST9248
1460,08-06-2023,Treadmill,Sports,773.94,44.02,1,0.45,CUST1580
1461,28-11-2023,Football,Sports,112.51,16.9,7,0.24,CUST1690
1462,10-12-2023,Carpet,Home Decor,250.14,16.67,9,0.1,CUST5361
1463,08-12-2023,Tennis Racket,Sports,152.51,39.57,6,0.19,CUST3515
1464,31-07-2023,Sneakers,Clothing,113.55,13.82,2,0.43,CUST4485
1465,25-11-2023,Yoga Mat,Sports,215.37,16.94,9,0.45,CUST6631
1466,17-01-2023,Rice,Groceries,299.62,27.53,3,0.07,CUST3826
1467,08-06-2023,Headphones,Electronics,293.79,34.6,8,0.29,CUST7979
1468,06-08-2023,Sneakers,Clothing,912.77,171.44,4,0.27,CUST9136
1469,23-11-2023,Yoga Mat,Sports,385.52,20.95,3,0.25,CUST4163
1470,23-08-2023,Smartwatch,Electronics,968.35,150.95,6,0.19,CUST5063
1471,06-10-2023,Milk,Groceries,104.53,10.99,2,0.27,CUST5837
1472,13-06-2023,Carpet,Home Decor,585.88,123.85,8,0.04,CUST8875
1473,15-12-2023,Bread,Groceries,648.82,143.26,10,0.41,CUST6948
1474,22-05-2023,Smartphone,Electronics,932.82,175.82,5,0.46,CUST6598
1475,01-06-2023,Treadmill,Sports,203.82,56.93,9,0.1,CUST4095
1476,06-10-2023,T-Shirt,Clothing,806.66,143.31,3,0.41,CUST9845
1477,30-07-2023,Cushion,Home Decor,246.78,30.65,10,0.16,CUST5017
1478,27-09-2023,Tablet,Electronics,304.51,15.93,3,0.37,CUST7888
1479,31-07-2023,Smartwatch,Electronics,430.13,128.4,7,0.28,CUST8735
1480,27-12-2023,Bread,Groceries,876.91,203.14,9,0.37,CUST5295
1481,02-11-2023,Cushion,Home Decor,201.66,49.72,9,0.44,CUST2827
1482,09-08-2023,Vegetables,Groceries,850.64,253.95,4,0.37,CUST1036
1483,02-10-2023,Yoga Mat,Sports,362.04,80.83,9,0.41,CUST4875
1484,21-04-2023,Cushion,Home Decor,541.5,88.11,9,0.28,CUST1970
1485,13-11-2023,Lamp,Home Decor,734.27,218.6,4,0.14,CUST4951
1486,17-04-2023,Jeans,Clothing,278.6,76.77,2,0.49,CUST7771
1487,08-11-2023,Football,Sports,281,25.6,3,0.12,CUST4748
1488,07-04-2023,Bread,Groceries,179.94,45.94,3,0.27,CUST3143
1489,17-07-2023,Jeans,Clothing,785.12,213.24,5,0.5,CUST2922
1490,08-09-2023,Wall Art,Home Decor,498.48,52.43,7,0.22,CUST7887
1491,08-07-2023,Vegetables,Groceries,145.28,11.47,8,0.09,CUST5129
1492,02-10-2023,Dumbbells,Sports,38.71,2.45,9,0.27,CUST1938
1493,27-06-2023,Wall Art,Home Decor,49.71,12.68,4,0.11,CUST5643
1494,25-02-2023,Vegetables,Groceries,994.75,125.54,1,0.29,CUST3019
1495,19-11-2023,Carpet,Home Decor,968.05,149.03,8,0.04,CUST5120
1496,31-05-2023,Milk,Groceries,569.44,85.41,5,0.36,CUST3524
1497,07-04-2023,Tablet,Electronics,791.51,132.01,3,0.31,CUST4722
1498,08-05-2023,Curtains,Home Decor,671.37,198.6,9,0.19,CUST5304
1499,14-03-2023,Smartwatch,Electronics,415.23,23.61,8,0.48,CUST6953
1500,22-07-2023,Milk,Groceries,793.02,237.11,4,0.38,CUST2737
